group_id	antiviral	expression	score	ic50	publication	source	comment
G000CF74DC033	elvitegravir	M83126D3C52E0AC AND M1C6F23D486A5F1	10			Stanford HIVDB	HIVDB ASI formula score rule
G00333A76C25A	darunavir	MD270818B455E39 AND MD991E2A2971431	5			Stanford HIVDB	HIVDB ASI formula score rule
G00AA3932034B	islatravir	M8C89252B6B11E0 AND (M7421E1A73CECCB OR MDCBB7D214C6DE6) AND (M3CF3AE8895D121 OR M394EF42C03343E)	10			Stanford HIVDB	HIVDB ASI formula score rule
G0159BCB4D7FA	efavirenz	MA683FB1A867637 AND M81B12EA7F69DA7	5			Stanford HIVDB	HIVDB ASI formula score rule
G01C030B5617E	stavudine	(MAB84C511833027 OR M9B09D32E2C4A8A OR MC06B9916181B75) AND M77659A9E82B432 AND (M81DD153D81A5B6 OR M55A0F7882A756C OR M9D7807932A37AE OR M7FC6CD3E121A3B)	10			Stanford HIVDB	HIVDB ASI formula score rule
G0229E2BC86E5	etravirine	MA683FB1A867637 AND (MD5739386DCEB28 OR M4081FEEF6F2CC8 OR MEAC2C35581BD9D)	5			Stanford HIVDB	HIVDB ASI formula score rule
G034A22887BBA	indinavir	(MCDCACAFE9A1E2D OR M98E231283287BC) AND M4B3F29280ED948 AND M4AC3D6BAD0DC8A	5			Stanford HIVDB	HIVDB ASI formula score rule
G042481025C77	darunavir	(MCA9832F46BEAE2 OR M5B6F1675810D2B) AND (M8865F105EF152F OR MB7E92384B27ABA)	5			Stanford HIVDB	HIVDB ASI formula score rule
G0483B92AEFC5	tenofovir	MDE496A351932B4 AND MF04B4BBA1479D0	5			Stanford HIVDB	HIVDB ASI formula score rule
G05186628CBC8	indinavir	MD270818B455E39 AND MD991E2A2971431	5			Stanford HIVDB	HIVDB ASI formula score rule
G054121F569C5	darunavir	(M8865F105EF152F OR MB7E92384B27ABA) AND M4B3F29280ED948	5			Stanford HIVDB	HIVDB ASI formula score rule
G059296BABEDF	cabotegravir	M233B0087B74FF2 AND (ME832BA717593B5 OR M249C8BE8E7754B OR M738B1A6CB31545 OR MB8083FA053568B OR M10F9C12674D21E OR MCBE35DE3852513)	5			Stanford HIVDB	HIVDB ASI formula score rule
G064F259BD8FE	saquinavir	(M093BC77AA7492A OR M8865F105EF152F OR MB7E92384B27ABA OR M85781FAE028BBA OR MD332AC6E014C76 OR M8CD4A5F5362398) AND (M18B6FE6C31F946 OR M908980B4FCBF30 OR MB1184342090882 OR M3252BA5576D4FA OR MBE6AA388B51C8C OR M62F82FF181812D OR MBD9E54262C68EB)	10			Stanford HIVDB	HIVDB ASI formula score rule
G0681AA154F9A	fosamprenavir	(M8865F105EF152F OR MB7E92384B27ABA) AND MAA7DDA6B9E5122	5			Stanford HIVDB	HIVDB ASI formula score rule
G06AD80876295	bictegravir	MF11289732B2D81 AND (M456B8266C9E267 OR MD043E48DA7EA16 OR MA4C8091670188D)	5			Stanford HIVDB	HIVDB ASI formula score rule
G06B32B959EB6	lopinavir	(ME687E70A889DFE OR M5C49F6249E2878) AND M4B3F29280ED948	5			Stanford HIVDB	HIVDB ASI formula score rule
G06E110E5C185	fosamprenavir	MD270818B455E39 AND M4B3F29280ED948	5			Stanford HIVDB	HIVDB ASI formula score rule
G0728FDC3F56D	zidovudine	M8C89252B6B11E0 AND (MAB84C511833027 OR M9B09D32E2C4A8A OR MC06B9916181B75 OR M40CA15D4B01B60 OR M0174E0694F1148 OR M0886A00E9D9F77) AND (M3CF3AE8895D121 OR M394EF42C03343E)	5			Stanford HIVDB	HIVDB ASI formula score rule
G07F18BFDA56B	elvitegravir	(M31060009044565) OR (ME40C78DD898A86)	5			Stanford HIVDB	HIVDB ASI equal-score MAX represented as OR
G07F76BD724CC	abacavir	M8C89252B6B11E0 AND MF621544EEB80DD	5			Stanford HIVDB	HIVDB ASI formula score rule
G0866762027B9	nevirapine	(M4C3E6C6EA5CF5F) OR (M78A1B007BFAC42) OR (M468A3511359D79) OR (M411FEE6B346DB0)	60			Stanford HIVDB	HIVDB ASI equal-score MAX represented as OR
G08D8FBA299DE	atazanavir	(M18B6FE6C31F946 OR M908980B4FCBF30 OR MB1184342090882 OR M3252BA5576D4FA OR MBE6AA388B51C8C OR M62F82FF181812D OR MBD9E54262C68EB) AND M4AC3D6BAD0DC8A	10			Stanford HIVDB	HIVDB ASI formula score rule
G090ACE05DCB5	elvitegravir	(M60586A690C4E36) OR (M3B93827737F78C) OR (MC9D5AF3C8D05AB)	15			Stanford HIVDB	HIVDB ASI equal-score MAX represented as OR
G098B4E4F9F6B	indinavir	(MCA9832F46BEAE2 OR M5B6F1675810D2B) AND MD270818B455E39	5			Stanford HIVDB	HIVDB ASI formula score rule
G09B136CD219E	tipranavir	(ME687E70A889DFE) OR (M5C49F6249E2878)	30			Stanford HIVDB	HIVDB ASI equal-score MAX represented as OR
G0A8BF53082D2	zidovudine	(MAB84C511833027 OR M9B09D32E2C4A8A OR MC06B9916181B75 OR M40CA15D4B01B60 OR M0174E0694F1148 OR M0886A00E9D9F77) AND (M3CF3AE8895D121 OR M394EF42C03343E) AND (M81DD153D81A5B6 OR M55A0F7882A756C OR M9D7807932A37AE OR M7FC6CD3E121A3B OR M89D281B25C8375)	5			Stanford HIVDB	HIVDB ASI formula score rule
G0A8E1E91D137	atazanavir	(M093BC77AA7492A) OR (M8865F105EF152F) OR (MB7E92384B27ABA) OR (M85781FAE028BBA) OR (MD332AC6E014C76) OR (M8CD4A5F5362398)	15			Stanford HIVDB	HIVDB ASI equal-score MAX represented as OR
G0BECE5315694	tenofovir	M8C89252B6B11E0 AND MF621544EEB80DD AND (M3CF3AE8895D121 OR M394EF42C03343E)	15			Stanford HIVDB	HIVDB ASI formula score rule
G0C77E1611138	darunavir	(MCA9832F46BEAE2 OR M5B6F1675810D2B) AND MD270818B455E39	5			Stanford HIVDB	HIVDB ASI formula score rule
G0E1DA1EE159C	fosamprenavir	(MCDCACAFE9A1E2D OR M98E231283287BC) AND M4B3F29280ED948 AND M4AC3D6BAD0DC8A	5			Stanford HIVDB	HIVDB ASI formula score rule
G0EB2A08CB244	abacavir	(MF04B4BBA1479D0 OR MBAEC9804AEDF06) AND MB18658F3BDF750	10			Stanford HIVDB	HIVDB ASI formula score rule
G0F7307CE3E0D	raltegravir	M4E819F5BFAE235 AND (M60586A690C4E36 OR M3B93827737F78C OR MC9D5AF3C8D05AB)	10			Stanford HIVDB	HIVDB ASI formula score rule
G102595B88369	saquinavir	(M1AA9B395C6F9B0) OR (M11388D0A0C17C0) OR (M4B3F29280ED948)	60			Stanford HIVDB	HIVDB ASI equal-score MAX represented as OR
G11D6A0220F25	dolutegravir	M4A6101AE13C6B6 AND MA12E4A665E1624	10			Stanford HIVDB	HIVDB ASI formula score rule
G127BD035CC9D	stavudine	MB18658F3BDF750 AND (MDCBB7D214C6DE6 OR M7421E1A73CECCB)	10			Stanford HIVDB	HIVDB ASI formula score rule
G12B36BF81035	lopinavir	(MCA9832F46BEAE2 OR M5B6F1675810D2B) AND (M8865F105EF152F OR MB7E92384B27ABA)	5			Stanford HIVDB	HIVDB ASI formula score rule
G12E4EFC5A9D5	cabotegravir	M6526B8E7B6223E AND M1C6F23D486A5F1	10			Stanford HIVDB	HIVDB ASI formula score rule
G13664ACE19DF	elvitegravir	(ME832BA717593B5) OR (M249C8BE8E7754B) OR (M738B1A6CB31545) OR (MB8083FA053568B) OR (M1A90A82B38F84C) OR (M10F9C12674D21E) OR (MCBE35DE3852513)	10			Stanford HIVDB	HIVDB ASI equal-score MAX represented as OR
G1372AA215316	rilpivirine	ME88DEF97BE11CD AND MDCBB7D214C6DE6	15			Stanford HIVDB	HIVDB ASI formula score rule
G1438BE87F960	raltegravir	M937CD086308E9B AND M4E819F5BFAE235	5			Stanford HIVDB	HIVDB ASI formula score rule
G143E4FFA6E45	elvitegravir	(MD050193760625C) OR (M9F4FAFB6CFE393)	15			Stanford HIVDB	HIVDB ASI equal-score MAX represented as OR
G14EE9C297DA3	zidovudine	M332B1227BAC42F AND M8C89252B6B11E0 AND MF621544EEB80DD AND (M3CF3AE8895D121 OR M394EF42C03343E)	5			Stanford HIVDB	HIVDB ASI formula score rule
G16694111452F	doravirine	MA683FB1A867637 AND MC1BB2F55E94C3A	5			Stanford HIVDB	HIVDB ASI formula score rule
G1690BD93807F	indinavir	(MCA9832F46BEAE2 OR M5B6F1675810D2B) AND (M8865F105EF152F OR MB7E92384B27ABA)	5			Stanford HIVDB	HIVDB ASI formula score rule
G16D9BFB9E4A0	lamivudine	(MAB84C511833027 OR M9B09D32E2C4A8A OR MC06B9916181B75 OR M40CA15D4B01B60 OR M0174E0694F1148 OR M0886A00E9D9F77) AND M77659A9E82B432 AND (M81DD153D81A5B6 OR M55A0F7882A756C OR M9D7807932A37AE OR M7FC6CD3E121A3B OR M89D281B25C8375)	10			Stanford HIVDB	HIVDB ASI formula score rule
G1744AF0B1107	doravirine	MA683FB1A867637 AND (M730BBA9F3300CD OR M1326A6E8F04F1B OR M28D9F19075D1BA)	5			Stanford HIVDB	HIVDB ASI formula score rule
G182E4FB46F3D	tenofovir	(MAB84C511833027 OR M9B09D32E2C4A8A OR MC06B9916181B75 OR M40CA15D4B01B60 OR M0174E0694F1148 OR M0886A00E9D9F77) AND M77659A9E82B432 AND (M81DD153D81A5B6 OR M55A0F7882A756C OR M9D7807932A37AE OR M7FC6CD3E121A3B OR M89D281B25C8375)	10			Stanford HIVDB	HIVDB ASI formula score rule
G18363C540017	abacavir	M8C89252B6B11E0 AND (MA43DABE6D51796 OR MD9907A8A453246) AND MF621544EEB80DD AND (M3CF3AE8895D121 OR M394EF42C03343E)	5			Stanford HIVDB	HIVDB ASI formula score rule
G19A515AF640C	emtricitabine	(MAB84C511833027 OR M9B09D32E2C4A8A OR MC06B9916181B75 OR M40CA15D4B01B60 OR M0174E0694F1148 OR M0886A00E9D9F77) AND M77659A9E82B432 AND (M81DD153D81A5B6 OR M55A0F7882A756C OR M9D7807932A37AE OR M7FC6CD3E121A3B OR M89D281B25C8375)	10			Stanford HIVDB	HIVDB ASI formula score rule
G1A6CFE7CDE04	tenofovir	MF04B4BBA1479D0 AND (MB5684A6413A583 OR M1CA9366AD83A5D)	5			Stanford HIVDB	HIVDB ASI formula score rule
G1A76FFD9612E	abacavir	M291D0D65786FA6 AND (MDCBB7D214C6DE6 OR M7421E1A73CECCB)	15			Stanford HIVDB	HIVDB ASI formula score rule
G1AEEC3FD3931	saquinavir	(M093BC77AA7492A OR M8865F105EF152F OR MB7E92384B27ABA OR M85781FAE028BBA OR MD332AC6E014C76 OR M8CD4A5F5362398) AND M4AC3D6BAD0DC8A	10			Stanford HIVDB	HIVDB ASI formula score rule
G1B52C67E37EE	saquinavir	(MCDCACAFE9A1E2D OR M98E231283287BC) AND M4B3F29280ED948 AND M4AC3D6BAD0DC8A	5			Stanford HIVDB	HIVDB ASI formula score rule
G1BA26563F60F	raltegravir	(M31060009044565 OR ME40C78DD898A86) AND M4E819F5BFAE235	10			Stanford HIVDB	HIVDB ASI formula score rule
G1BED71C7023C	fosamprenavir	(MCDCACAFE9A1E2D OR M98E231283287BC OR M98AEA30D012027) AND MD991E2A2971431	10			Stanford HIVDB	HIVDB ASI formula score rule
G1C15C9ADB668	dolutegravir	MD1098501CDE725 AND M1C6F23D486A5F1	10			Stanford HIVDB	HIVDB ASI formula score rule
G1D1EA0D68AC2	didanosine	(M81DD153D81A5B6) OR (M55A0F7882A756C) OR (M9D7807932A37AE) OR (M7FC6CD3E121A3B) OR (M89D281B25C8375)	5			Stanford HIVDB	HIVDB ASI equal-score MAX represented as OR
G201D2490653E	tenofovir	M8C89252B6B11E0 AND (M3CF3AE8895D121 OR M394EF42C03343E)	10			Stanford HIVDB	HIVDB ASI formula score rule
G206F7E1D5D96	rilpivirine	M752B42BF3D3C97 AND MC6BAD979A29BAA	15			Stanford HIVDB	HIVDB ASI formula score rule
G209A2957FDDF	nelfinavir	(M1AA9B395C6F9B0) OR (M11388D0A0C17C0) OR (M4B3F29280ED948)	60			Stanford HIVDB	HIVDB ASI equal-score MAX represented as OR
G2184911DB765	dolutegravir	MD1098501CDE725 AND (M456B8266C9E267 OR MD043E48DA7EA16 OR MA4C8091670188D)	10			Stanford HIVDB	HIVDB ASI formula score rule
G21BFB228866B	fosamprenavir	(M093BC77AA7492A OR M8865F105EF152F OR MB7E92384B27ABA OR M85781FAE028BBA OR MD332AC6E014C76 OR M8CD4A5F5362398) AND M4AC3D6BAD0DC8A	10			Stanford HIVDB	HIVDB ASI formula score rule
G223B96414A0C	efavirenz	MC1BB2F55E94C3A AND (M61A28A3E22F206 OR ME00743F2DFC5D3 OR M4329B44D4B974F OR M22DCD152BFD15D OR M8A0FCC719C7BFF)	10			Stanford HIVDB	HIVDB ASI MAX branch (mutually exclusive in single-infection context)
G22D0F12E2816	nelfinavir	MD270818B455E39 AND MAA7DDA6B9E5122	5			Stanford HIVDB	HIVDB ASI formula score rule
G244998892BC0	atazanavir	(M093BC77AA7492A OR M8865F105EF152F OR MB7E92384B27ABA OR M85781FAE028BBA OR MD332AC6E014C76 OR M8CD4A5F5362398) AND (M18B6FE6C31F946 OR M908980B4FCBF30 OR MB1184342090882 OR M3252BA5576D4FA OR MBE6AA388B51C8C OR M62F82FF181812D OR MBD9E54262C68EB)	10			Stanford HIVDB	HIVDB ASI formula score rule
G248C0DC35DA7	tenofovir	M332B1227BAC42F AND M8C89252B6B11E0 AND MF621544EEB80DD AND (M3CF3AE8895D121 OR M394EF42C03343E)	5			Stanford HIVDB	HIVDB ASI formula score rule
G254FBB12FCB6	bictegravir	M4A6101AE13C6B6 AND MA12E4A665E1624	10			Stanford HIVDB	HIVDB ASI formula score rule
G25679F10F565	zidovudine	M8C89252B6B11E0 AND MF621544EEB80DD	10			Stanford HIVDB	HIVDB ASI formula score rule
G261E6775EB8B	etravirine	M0D5130E689DA49 AND MD5739386DCEB28	5			Stanford HIVDB	HIVDB ASI formula score rule
G2640ADBEC245	lopinavir	(M093BC77AA7492A OR M8865F105EF152F OR MB7E92384B27ABA OR M85781FAE028BBA OR MD332AC6E014C76 OR M8CD4A5F5362398) AND (M18B6FE6C31F946 OR M908980B4FCBF30 OR MB1184342090882 OR M3252BA5576D4FA OR MBE6AA388B51C8C OR M62F82FF181812D OR MBD9E54262C68EB)	10			Stanford HIVDB	HIVDB ASI formula score rule
G26ADCABD79B4	tenofovir	MF04B4BBA1479D0 AND MB18658F3BDF750 AND (MDCBB7D214C6DE6 OR M7421E1A73CECCB)	10			Stanford HIVDB	HIVDB ASI formula score rule
G277A9653F244	dolutegravir	M1346D5BEB4D2A1 AND (M456B8266C9E267 OR MD043E48DA7EA16 OR MA4C8091670188D)	5			Stanford HIVDB	HIVDB ASI formula score rule
G28D778398C5D	rilpivirine	M21D26F5442CEB1 AND MD5739386DCEB28	10			Stanford HIVDB	HIVDB ASI MAX branch (mutually exclusive in single-infection context)
G297CAFE9DCEE	didanosine	(M66F260E5D9F44F) OR (M291D0D65786FA6)	60			Stanford HIVDB	HIVDB ASI equal-score MAX represented as OR
G2A894177D1AD	etravirine	MC1BB2F55E94C3A AND (M61A28A3E22F206 OR ME00743F2DFC5D3 OR M4329B44D4B974F OR M22DCD152BFD15D OR M8A0FCC719C7BFF)	10			Stanford HIVDB	HIVDB ASI formula score rule
G2A9BB8DC8246	lopinavir	(M8865F105EF152F OR MB7E92384B27ABA) AND M4B3F29280ED948	5			Stanford HIVDB	HIVDB ASI formula score rule
G2AAF4BFE1295	bictegravir	M1346D5BEB4D2A1 AND (M456B8266C9E267 OR MD043E48DA7EA16 OR MA4C8091670188D)	5			Stanford HIVDB	HIVDB ASI formula score rule
G2AFEF8309029	bictegravir	M85A14495D3F820 AND MA12E4A665E1624	10			Stanford HIVDB	HIVDB ASI formula score rule
G2B3671A8D5D5	indinavir	MD270818B455E39 AND MAA7DDA6B9E5122	5			Stanford HIVDB	HIVDB ASI formula score rule
G2BA7199F1AC9	efavirenz	(ME88DEF97BE11CD) OR (M41014ADBE04B81) OR (MF1F42F0F4C26DE) OR (M5086D7A1A3BADC)	10			Stanford HIVDB	HIVDB ASI equal-score MAX represented as OR
G2BCE7B51E264	elvitegravir	(M031BDDA47B5233) OR (M937CD086308E9B) OR (M1695357198CB94)	60			Stanford HIVDB	HIVDB ASI equal-score MAX represented as OR
G2D3C310AE2CB	stavudine	(MF0493219EEF88B OR MBB571A0E3F01F3 OR M1D2831FA918A60 OR MD7EBE2CEB5DA7E OR ME69AE75D57DF36 OR M9CC4051EB43F47) AND (MDCBB7D214C6DE6 OR M7421E1A73CECCB)	10			Stanford HIVDB	HIVDB ASI formula score rule
G2D7B4B9C24FA	bictegravir	M26B5D68C73DE6F AND MA12E4A665E1624	10			Stanford HIVDB	HIVDB ASI formula score rule
G2DAAD59787DF	zidovudine	(MA5085294BCBC97)	5			Stanford HIVDB	HIVDB ASI equal-score MAX represented as OR
G2E7A287308FC	cabotegravir	(ME832BA717593B5) OR (M249C8BE8E7754B) OR (M738B1A6CB31545) OR (MB8083FA053568B) OR (M1A90A82B38F84C) OR (M10F9C12674D21E) OR (MCBE35DE3852513)	5			Stanford HIVDB	HIVDB ASI equal-score MAX represented as OR
G2E84C84998D2	didanosine	(MAB84C511833027 OR M9B09D32E2C4A8A OR MC06B9916181B75) AND (M3CF3AE8895D121 OR M394EF42C03343E) AND (M81DD153D81A5B6 OR M55A0F7882A756C OR M9D7807932A37AE OR M7FC6CD3E121A3B)	5			Stanford HIVDB	HIVDB ASI formula score rule
G2F0945621E50	cabotegravir	M4A20BE585F0B1C AND M1C6F23D486A5F1	10			Stanford HIVDB	HIVDB ASI formula score rule
G2F4620F42C6D	lopinavir	(MCA9832F46BEAE2 OR M5B6F1675810D2B) AND MD270818B455E39	5			Stanford HIVDB	HIVDB ASI formula score rule
G2FB6AA1D12A0	doravirine	M12A64A6E2E57E6 AND (M61A28A3E22F206 OR ME00743F2DFC5D3)	15			Stanford HIVDB	HIVDB ASI equal-score MAX branch
G30073E258FB4	lamivudine	(MF04B4BBA1479D0 OR MBAEC9804AEDF06) AND MB18658F3BDF750	10			Stanford HIVDB	HIVDB ASI formula score rule
G30AF56F961E6	cabotegravir	(M60586A690C4E36 OR M3B93827737F78C OR MC9D5AF3C8D05AB) AND (M9936C233993561 OR MD60CB7A29D0479 OR MD7884DFEB4A781)	15			Stanford HIVDB	HIVDB ASI formula score rule
G30C124BC21EE	elvitegravir	M3B93827737F78C AND MA12E4A665E1624	10			Stanford HIVDB	HIVDB ASI formula score rule
G310AE2CAD118	raltegravir	(MD5B7D0747C534F) OR (M1AD415AE18C012)	60			Stanford HIVDB	HIVDB ASI equal-score MAX represented as OR
G32157CB68C24	abacavir	(M3CF3AE8895D121) OR (M394EF42C03343E)	10			Stanford HIVDB	HIVDB ASI equal-score MAX represented as OR
G3441E1EE4E8D	didanosine	M8C89252B6B11E0 AND (M3CF3AE8895D121 OR M394EF42C03343E)	10			Stanford HIVDB	HIVDB ASI MAX branch (mutually exclusive in single-infection context)
G35152725399B	darunavir	MD270818B455E39 AND (ME687E70A889DFE OR M5C49F6249E2878)	5			Stanford HIVDB	HIVDB ASI formula score rule
G3546175D303D	doravirine	M20DC1A0E0371C7 AND MD5739386DCEB28	10			Stanford HIVDB	HIVDB ASI formula score rule
G355F0B479536	lenacapavir	M5267E17981A2F3 AND M4CBFCCD42BAF6F	30			Stanford HIVDB	HIVDB ASI formula score rule
G35A90FF8C320	nelfinavir	(MCA9832F46BEAE2 OR M5B6F1675810D2B) AND (M8865F105EF152F OR MB7E92384B27ABA)	5			Stanford HIVDB	HIVDB ASI formula score rule
G35F167AD5514	dolutegravir	M26B5D68C73DE6F AND MA12E4A665E1624	10			Stanford HIVDB	HIVDB ASI formula score rule
G3693DFAB8479	abacavir	MF621544EEB80DD AND (M3CF3AE8895D121 OR M394EF42C03343E)	10			Stanford HIVDB	HIVDB ASI formula score rule
G36A6C3897ED9	bictegravir	M4A20BE585F0B1C AND (M456B8266C9E267 OR MD043E48DA7EA16 OR MA4C8091670188D)	5			Stanford HIVDB	HIVDB ASI MAX branch (mutually exclusive in single-infection context)
G37231E6696B5	lenacapavir	M5267E17981A2F3 AND M9B57E883915B9F	30			Stanford HIVDB	HIVDB ASI formula score rule
G37CC33C1BC54	cabotegravir	(M60586A690C4E36) OR (M3B93827737F78C) OR (MC9D5AF3C8D05AB)	15			Stanford HIVDB	HIVDB ASI equal-score MAX represented as OR
G3844FA1F8F3D	elvitegravir	M85A14495D3F820 AND MA12E4A665E1624	10			Stanford HIVDB	HIVDB ASI formula score rule
G38FB0E6FFCF5	nevirapine	(ME88DEF97BE11CD) OR (M41014ADBE04B81) OR (MF1F42F0F4C26DE) OR (M5086D7A1A3BADC)	10			Stanford HIVDB	HIVDB ASI equal-score MAX represented as OR
G39F81023FDCA	darunavir	MD270818B455E39 AND MAA7DDA6B9E5122	5			Stanford HIVDB	HIVDB ASI formula score rule
G3A482C210A60	etravirine	M099A92E25641E7 AND MD5739386DCEB28	15			Stanford HIVDB	HIVDB ASI MAX branch (mutually exclusive in single-infection context)
G3AC35EF7CCA5	islatravir	M7EFF3A5ABE3FD5 AND (MDCBB7D214C6DE6 OR M7421E1A73CECCB)	15			Stanford HIVDB	HIVDB ASI formula score rule
G3B5B96F55215	indinavir	(M093BC77AA7492A OR M8865F105EF152F OR MB7E92384B27ABA OR M85781FAE028BBA OR MD332AC6E014C76 OR M8CD4A5F5362398) AND M4AC3D6BAD0DC8A	10			Stanford HIVDB	HIVDB ASI formula score rule
G3B7CF108AFCA	saquinavir	(MCDCACAFE9A1E2D OR M98E231283287BC OR M98AEA30D012027) AND M4AC3D6BAD0DC8A	5			Stanford HIVDB	HIVDB ASI formula score rule
G3BA999B55122	zidovudine	(MAB84C511833027 OR M9B09D32E2C4A8A OR MC06B9916181B75 OR M40CA15D4B01B60 OR M0174E0694F1148 OR M0886A00E9D9F77) AND M77659A9E82B432 AND (M81DD153D81A5B6 OR M55A0F7882A756C OR M9D7807932A37AE OR M7FC6CD3E121A3B OR M89D281B25C8375)	15			Stanford HIVDB	HIVDB ASI formula score rule
G3C1B4FD145CF	zidovudine	(MF04B4BBA1479D0 OR MBAEC9804AEDF06) AND MB18658F3BDF750	10			Stanford HIVDB	HIVDB ASI formula score rule
G3C8AC894617D	dolutegravir	M4A20BE585F0B1C AND M1C6F23D486A5F1	5			Stanford HIVDB	HIVDB ASI formula score rule
G3D7E800192A9	islatravir	M8C89252B6B11E0 AND MF621544EEB80DD	5			Stanford HIVDB	HIVDB ASI formula score rule
G3DD0896955E4	dolutegravir	M4A20BE585F0B1C AND (M456B8266C9E267 OR MD043E48DA7EA16 OR MA4C8091670188D)	5			Stanford HIVDB	HIVDB ASI MAX branch (mutually exclusive in single-infection context)
G3E59F7C68AEE	dolutegravir	(M31060009044565 OR ME40C78DD898A86) AND (M456B8266C9E267 OR MD043E48DA7EA16 OR MA4C8091670188D)	15			Stanford HIVDB	HIVDB ASI MAX branch (mutually exclusive in single-infection context)
G3E749BB8453B	stavudine	(MDCBB7D214C6DE6) OR (M7421E1A73CECCB)	-10			Stanford HIVDB	HIVDB ASI equal-score MAX represented as OR
G3F7D0D98A23F	elvitegravir	(MD5B7D0747C534F) OR (M1AD415AE18C012)	60			Stanford HIVDB	HIVDB ASI equal-score MAX represented as OR
G42EB4734B7B8	dolutegravir	(M456B8266C9E267 OR MD043E48DA7EA16 OR MA4C8091670188D) AND (MD050193760625C OR M9F4FAFB6CFE393)	5			Stanford HIVDB	HIVDB ASI formula score rule
G436C579C8E7C	abacavir	M355730C50EDDEE AND (MDCBB7D214C6DE6 OR M7421E1A73CECCB)	15			Stanford HIVDB	HIVDB ASI formula score rule
G439A1341CE10	atazanavir	(MCDCACAFE9A1E2D OR M98E231283287BC) AND M4B3F29280ED948 AND M4AC3D6BAD0DC8A	5			Stanford HIVDB	HIVDB ASI formula score rule
G45C33B005DF6	didanosine	M8C89252B6B11E0 AND (MA43DABE6D51796 OR MD9907A8A453246) AND MF621544EEB80DD AND (M3CF3AE8895D121 OR M394EF42C03343E)	5			Stanford HIVDB	HIVDB ASI formula score rule
G46B07750CC44	bictegravir	M4A20BE585F0B1C AND M1C6F23D486A5F1	5			Stanford HIVDB	HIVDB ASI formula score rule
G46BCC78248B6	islatravir	(M66F260E5D9F44F) OR (M291D0D65786FA6)	-5			Stanford HIVDB	HIVDB ASI equal-score MAX represented as OR
G480CC3F3402D	dolutegravir	M4A20BE585F0B1C AND M4E819F5BFAE235	5			Stanford HIVDB	HIVDB ASI formula score rule
G4810B2D1A550	indinavir	(MCDCACAFE9A1E2D OR M98E231283287BC OR M98AEA30D012027) AND M4AC3D6BAD0DC8A	10			Stanford HIVDB	HIVDB ASI formula score rule
G49C2FBBDD8AE	dolutegravir	(M60586A690C4E36) OR (M3B93827737F78C) OR (MC9D5AF3C8D05AB)	10			Stanford HIVDB	HIVDB ASI equal-score MAX represented as OR
G49C3FD6CA063	elvitegravir	M31060009044565 AND MD072C0636EE5E0	10			Stanford HIVDB	HIVDB ASI formula score rule
G4A018FB705C9	indinavir	MA46ACD73BD38D9 AND M4AC3D6BAD0DC8A	10			Stanford HIVDB	HIVDB ASI formula score rule
G4A1A8CBF0A7F	doravirine	M7BE05B66683C88 AND M372F6A2BD1A782	20			Stanford HIVDB	HIVDB ASI formula score rule
G4ABC56EBAB8F	emtricitabine	(MBAEC9804AEDF06) OR (MF04B4BBA1479D0)	15			Stanford HIVDB	HIVDB ASI equal-score MAX represented as OR
G4B2214616343	cabotegravir	M4A20BE585F0B1C AND (M456B8266C9E267 OR MD043E48DA7EA16 OR MA4C8091670188D)	5			Stanford HIVDB	HIVDB ASI MAX branch (mutually exclusive in single-infection context)
G4BCB57EAAB4F	atazanavir	(M2684057C62596E OR M9F2340DB63A432 OR M5232DEBE4798C3 OR MCBBFC648DAB115 OR MC7441FE2BA96F3) AND M4AC3D6BAD0DC8A	10			Stanford HIVDB	HIVDB ASI formula score rule
G4CC0B84976FA	nelfinavir	MA46ACD73BD38D9 AND M4AC3D6BAD0DC8A	10			Stanford HIVDB	HIVDB ASI formula score rule
G4CC76545436C	tenofovir	(M3CF3AE8895D121) OR (M394EF42C03343E)	10			Stanford HIVDB	HIVDB ASI equal-score MAX represented as OR
G4CEE4961E3E2	didanosine	MF621544EEB80DD AND (M917E04063C1582 OR M4BC64141720B13 OR M60D58F7B28B4D8 OR M3B0A101EF57203 OR M0B4C4599FA0635 OR ME7D81FAF0B8EE1 OR M23691A42A11AF5 OR MAD22478EF3DE81 OR M26F2038A9450AC)	5			Stanford HIVDB	HIVDB ASI MAX branch (mutually exclusive in single-infection context)
G502448C9BC5B	efavirenz	MA683FB1A867637 AND (MD5739386DCEB28 OR M4081FEEF6F2CC8 OR MEAC2C35581BD9D)	5			Stanford HIVDB	HIVDB ASI formula score rule
G506E3CDF4CB4	fosamprenavir	(M1AA9B395C6F9B0) OR (M11388D0A0C17C0) OR (M4B3F29280ED948)	60			Stanford HIVDB	HIVDB ASI equal-score MAX represented as OR
G50C2CDBB7B16	efavirenz	MA683FB1A867637 AND (M61A28A3E22F206 OR ME00743F2DFC5D3)	15			Stanford HIVDB	HIVDB ASI formula score rule
G51EB40BF96A8	stavudine	(M81DD153D81A5B6) OR (M55A0F7882A756C) OR (M9D7807932A37AE) OR (M7FC6CD3E121A3B) OR (M89D281B25C8375)	10			Stanford HIVDB	HIVDB ASI equal-score MAX represented as OR
G521B7AF73169	bictegravir	MD1098501CDE725 AND M1C6F23D486A5F1	10			Stanford HIVDB	HIVDB ASI formula score rule
G521F29B57547	bictegravir	M1346D5BEB4D2A1 AND M4E819F5BFAE235	10			Stanford HIVDB	HIVDB ASI formula score rule
G53936544117F	didanosine	M7C2264FC22D7E3 AND MC891D3205A3704 AND MB18658F3BDF750	10			Stanford HIVDB	HIVDB ASI formula score rule
G54139C2850B6	nelfinavir	(MCDCACAFE9A1E2D OR M98E231283287BC OR M98AEA30D012027) AND (M18B6FE6C31F946 OR M908980B4FCBF30 OR MB1184342090882 OR M3252BA5576D4FA OR MBE6AA388B51C8C OR M62F82FF181812D OR MBD9E54262C68EB)	10			Stanford HIVDB	HIVDB ASI formula score rule
G55942CB2FEE3	elvitegravir	(M60586A690C4E36 OR M3B93827737F78C OR MC9D5AF3C8D05AB) AND (M9936C233993561 OR MD60CB7A29D0479 OR MD7884DFEB4A781)	15			Stanford HIVDB	HIVDB ASI formula score rule
G5691A39FE3CC	etravirine	M0D5130E689DA49 AND M78A1B007BFAC42	5			Stanford HIVDB	HIVDB ASI formula score rule
G56B7CB3149F6	bictegravir	M83126D3C52E0AC AND M1C6F23D486A5F1	10			Stanford HIVDB	HIVDB ASI formula score rule
G57B106FA853D	emtricitabine	M7C2264FC22D7E3 AND MC891D3205A3704 AND (MB18658F3BDF750 OR MF397678D662D82)	15			Stanford HIVDB	HIVDB ASI formula score rule
G5AC83A93D888	indinavir	(MF71FA6220EF7BA) OR (MAB287F2A2BA958) OR (M056430DB74AA85) OR (M87D869FBDD5574) OR (M2327D8C06908D8) OR (M5A27F9FA0DC39B) OR (M2A87593C432272)	10			Stanford HIVDB	HIVDB ASI equal-score MAX represented as OR
G5AC993E3E535	fosamprenavir	(M093BC77AA7492A OR M8865F105EF152F OR MB7E92384B27ABA OR M85781FAE028BBA OR MD332AC6E014C76 OR M8CD4A5F5362398) AND (M18B6FE6C31F946 OR M908980B4FCBF30 OR MB1184342090882 OR M3252BA5576D4FA OR MBE6AA388B51C8C OR M62F82FF181812D OR MBD9E54262C68EB)	10			Stanford HIVDB	HIVDB ASI formula score rule
G5B881B690835	bictegravir	(M9936C233993561) OR (MD60CB7A29D0479) OR (M38F4F136CC3EB8) OR (MD7884DFEB4A781)	10			Stanford HIVDB	HIVDB ASI equal-score MAX represented as OR
G5B94E772FD80	lamivudine	(MDCBB7D214C6DE6) OR (M7421E1A73CECCB)	60			Stanford HIVDB	HIVDB ASI equal-score MAX represented as OR
G5C1D9F163820	nevirapine	(MD5739386DCEB28) OR (M4081FEEF6F2CC8) OR (MEAC2C35581BD9D) OR (M947C709F0A8A18) OR (MB4107B59641DA0) OR (M1F93A946454373)	60			Stanford HIVDB	HIVDB ASI equal-score MAX represented as OR
G5C750B5F8556	nelfinavir	MD270818B455E39 AND M4B3F29280ED948	5			Stanford HIVDB	HIVDB ASI formula score rule
G5CCEDF02D7F4	lopinavir	MD270818B455E39 AND M4B3F29280ED948	5			Stanford HIVDB	HIVDB ASI formula score rule
G5CDE94309B8E	cabotegravir	M26B5D68C73DE6F AND MA12E4A665E1624	10			Stanford HIVDB	HIVDB ASI formula score rule
G5D487A374A64	abacavir	(MDCBB7D214C6DE6) OR (M7421E1A73CECCB)	15			Stanford HIVDB	HIVDB ASI equal-score MAX represented as OR
G5DF457B52B1D	zidovudine	(MDCBB7D214C6DE6) OR (M7421E1A73CECCB)	-10			Stanford HIVDB	HIVDB ASI equal-score MAX represented as OR
G5E8756E2F33D	elvitegravir	M233B0087B74FF2 AND (ME832BA717593B5 OR M249C8BE8E7754B OR M738B1A6CB31545 OR MB8083FA053568B OR M10F9C12674D21E OR MCBE35DE3852513)	5			Stanford HIVDB	HIVDB ASI formula score rule
G5F1C7C8F78F0	indinavir	(M18B6FE6C31F946 OR M908980B4FCBF30 OR MB1184342090882 OR M3252BA5576D4FA OR MBE6AA388B51C8C OR M62F82FF181812D OR MBD9E54262C68EB) AND M4AC3D6BAD0DC8A	10			Stanford HIVDB	HIVDB ASI formula score rule
G5F4CFFD2E9C7	zidovudine	MF621544EEB80DD AND (M917E04063C1582 OR M4BC64141720B13 OR M60D58F7B28B4D8 OR M3B0A101EF57203 OR M0B4C4599FA0635 OR ME7D81FAF0B8EE1 OR M23691A42A11AF5 OR MAD22478EF3DE81 OR M26F2038A9450AC)	10			Stanford HIVDB	HIVDB ASI equal-score MAX branch
G5F964AE45CDC	fosamprenavir	(M18B6FE6C31F946 OR M908980B4FCBF30 OR MB1184342090882 OR M3252BA5576D4FA OR MBE6AA388B51C8C OR M62F82FF181812D OR MBD9E54262C68EB) AND M4AC3D6BAD0DC8A	10			Stanford HIVDB	HIVDB ASI formula score rule
G5FE997402259	stavudine	MF621544EEB80DD AND (M917E04063C1582 OR M4BC64141720B13 OR M60D58F7B28B4D8 OR M3B0A101EF57203 OR M0B4C4599FA0635 OR ME7D81FAF0B8EE1 OR M23691A42A11AF5 OR MAD22478EF3DE81 OR M26F2038A9450AC)	5			Stanford HIVDB	HIVDB ASI MAX branch (mutually exclusive in single-infection context)
G605AC83C3FD0	nelfinavir	(M093BC77AA7492A) OR (M8865F105EF152F) OR (MB7E92384B27ABA) OR (M85781FAE028BBA) OR (MD332AC6E014C76) OR (M8CD4A5F5362398)	20			Stanford HIVDB	HIVDB ASI equal-score MAX represented as OR
G605AF87029D5	nelfinavir	(M2684057C62596E OR M9F2340DB63A432 OR M5232DEBE4798C3 OR MCBBFC648DAB115 OR MC7441FE2BA96F3) AND M4AC3D6BAD0DC8A	10			Stanford HIVDB	HIVDB ASI formula score rule
G60A08635200E	fosamprenavir	MD270818B455E39 AND (M8865F105EF152F OR MB7E92384B27ABA)	5			Stanford HIVDB	HIVDB ASI formula score rule
G60E8616AB9C1	raltegravir	(M9936C233993561) OR (MD60CB7A29D0479) OR (M38F4F136CC3EB8) OR (MD7884DFEB4A781)	30			Stanford HIVDB	HIVDB ASI equal-score MAX represented as OR
G6123A7DFBA08	fosamprenavir	(M2684057C62596E OR M9F2340DB63A432 OR M5232DEBE4798C3 OR MCBBFC648DAB115 OR MC7441FE2BA96F3) AND M4AC3D6BAD0DC8A	10			Stanford HIVDB	HIVDB ASI formula score rule
G612E831E852A	emtricitabine	(MDCBB7D214C6DE6) OR (M7421E1A73CECCB)	60			Stanford HIVDB	HIVDB ASI equal-score MAX represented as OR
G61FBEEBFAEC4	nevirapine	M752B42BF3D3C97 AND MC6BAD979A29BAA	20			Stanford HIVDB	HIVDB ASI formula score rule
G62402327E218	didanosine	M77659A9E82B432 AND (M3CF3AE8895D121 OR M394EF42C03343E)	5			Stanford HIVDB	HIVDB ASI formula score rule
G62DB073A250E	dolutegravir	M31060009044565 AND MD072C0636EE5E0	10			Stanford HIVDB	HIVDB ASI formula score rule
G630C8AD42090	islatravir	MF621544EEB80DD AND (M3CF3AE8895D121 OR M394EF42C03343E)	5			Stanford HIVDB	HIVDB ASI formula score rule
G63ED1B073C91	fosamprenavir	MA46ACD73BD38D9 AND M4AC3D6BAD0DC8A	10			Stanford HIVDB	HIVDB ASI formula score rule
G64CB0B7A90C6	nelfinavir	MD270818B455E39 AND (M8865F105EF152F OR MB7E92384B27ABA)	5			Stanford HIVDB	HIVDB ASI formula score rule
G65F3B1C477AF	cabotegravir	M1346D5BEB4D2A1 AND (M456B8266C9E267 OR MD043E48DA7EA16 OR MA4C8091670188D)	5			Stanford HIVDB	HIVDB ASI formula score rule
G664E7F8DB1DC	cabotegravir	M31060009044565 AND MD072C0636EE5E0	10			Stanford HIVDB	HIVDB ASI formula score rule
G672EE54D5C74	darunavir	(ME687E70A889DFE OR M5C49F6249E2878) AND (M8865F105EF152F OR MB7E92384B27ABA)	5			Stanford HIVDB	HIVDB ASI formula score rule
G67693A5F4272	islatravir	(M3CF3AE8895D121) OR (M394EF42C03343E)	10			Stanford HIVDB	HIVDB ASI equal-score MAX represented as OR
G68102C069B93	lamivudine	(MBAEC9804AEDF06) OR (MF04B4BBA1479D0)	15			Stanford HIVDB	HIVDB ASI equal-score MAX represented as OR
G685D0660F5F3	cabotegravir	M4A20BE585F0B1C AND M4E819F5BFAE235	5			Stanford HIVDB	HIVDB ASI formula score rule
G696802FC61C7	atazanavir	(M093BC77AA7492A OR M8865F105EF152F OR MB7E92384B27ABA OR M85781FAE028BBA OR MD332AC6E014C76 OR M8CD4A5F5362398) AND M4AC3D6BAD0DC8A	10			Stanford HIVDB	HIVDB ASI formula score rule
G6A1C33D8463E	bictegravir	(M456B8266C9E267 OR MD043E48DA7EA16 OR MA4C8091670188D) AND (MD050193760625C OR M9F4FAFB6CFE393)	5			Stanford HIVDB	HIVDB ASI formula score rule
G6A299E1C55EC	islatravir	M8C89252B6B11E0 AND (M3CF3AE8895D121 OR M394EF42C03343E)	5			Stanford HIVDB	HIVDB ASI formula score rule
G6AA7EAA3CE58	raltegravir	M1346D5BEB4D2A1 AND M4E819F5BFAE235	10			Stanford HIVDB	HIVDB ASI formula score rule
G6C166424DE74	darunavir	MD270818B455E39 AND (M8865F105EF152F OR MB7E92384B27ABA)	5			Stanford HIVDB	HIVDB ASI formula score rule
G6D507B72CEFA	raltegravir	M31060009044565 AND MD072C0636EE5E0	10			Stanford HIVDB	HIVDB ASI formula score rule
G6D6C95490FD1	lamivudine	M8C89252B6B11E0 AND MF621544EEB80DD AND (M3CF3AE8895D121 OR M394EF42C03343E)	15			Stanford HIVDB	HIVDB ASI formula score rule
G6E87AA32E11A	cabotegravir	MD1098501CDE725 AND M1C6F23D486A5F1	15			Stanford HIVDB	HIVDB ASI formula score rule
G6F009D6D6907	saquinavir	(M093BC77AA7492A) OR (M8865F105EF152F) OR (MB7E92384B27ABA) OR (M85781FAE028BBA) OR (MD332AC6E014C76) OR (M8CD4A5F5362398)	15			Stanford HIVDB	HIVDB ASI equal-score MAX represented as OR
G6F188B3260BC	bictegravir	(M31060009044565) OR (ME40C78DD898A86)	5			Stanford HIVDB	HIVDB ASI equal-score MAX represented as OR
G6F67B46A6C85	lopinavir	MD270818B455E39 AND MD991E2A2971431	5			Stanford HIVDB	HIVDB ASI formula score rule
G70CCB790C653	fosamprenavir	(MCDCACAFE9A1E2D OR M98E231283287BC OR M98AEA30D012027) AND (M18B6FE6C31F946 OR M908980B4FCBF30 OR MB1184342090882 OR M3252BA5576D4FA OR MBE6AA388B51C8C OR M62F82FF181812D OR MBD9E54262C68EB)	10			Stanford HIVDB	HIVDB ASI formula score rule
G70F17C7EEC77	bictegravir	(M456B8266C9E267 OR MD043E48DA7EA16 OR MA4C8091670188D) AND M02B7F867E90DB9	10			Stanford HIVDB	HIVDB ASI formula score rule
G70F46EE0B3D6	dolutegravir	(M9936C233993561) OR (MD60CB7A29D0479) OR (M38F4F136CC3EB8) OR (MD7884DFEB4A781)	10			Stanford HIVDB	HIVDB ASI equal-score MAX represented as OR
G72624454C84F	islatravir	(MDCBB7D214C6DE6) OR (M7421E1A73CECCB)	30			Stanford HIVDB	HIVDB ASI equal-score MAX represented as OR
G72859CD11471	raltegravir	M3B93827737F78C AND MA12E4A665E1624	10			Stanford HIVDB	HIVDB ASI formula score rule
G72A3F0791CCD	stavudine	MF621544EEB80DD AND (M3CF3AE8895D121 OR M394EF42C03343E)	10			Stanford HIVDB	HIVDB ASI MAX branch (mutually exclusive in single-infection context)
G72E9788C3B49	doravirine	MA683FB1A867637 AND (M61A28A3E22F206 OR ME00743F2DFC5D3)	15			Stanford HIVDB	HIVDB ASI formula score rule
G73154B8B73C6	abacavir	M8C89252B6B11E0 AND MF621544EEB80DD AND (M3CF3AE8895D121 OR M394EF42C03343E)	15			Stanford HIVDB	HIVDB ASI formula score rule
G735A6156039C	cabotegravir	MD1098501CDE725 AND (M456B8266C9E267 OR MD043E48DA7EA16 OR MA4C8091670188D)	10			Stanford HIVDB	HIVDB ASI formula score rule
G739E925E21C5	lenacapavir	(M1AC1C28550AAE3) OR (M9B57E883915B9F)	10			Stanford HIVDB	HIVDB ASI equal-score MAX represented as OR
G73B303B44B77	zidovudine	MF621544EEB80DD AND (M3CF3AE8895D121 OR M394EF42C03343E)	10			Stanford HIVDB	HIVDB ASI equal-score MAX branch
G74097BAC5C05	fosamprenavir	(MCDCACAFE9A1E2D OR M98E231283287BC OR M98AEA30D012027) AND M4AC3D6BAD0DC8A	10			Stanford HIVDB	HIVDB ASI formula score rule
G74672C066C23	stavudine	M8C89252B6B11E0 AND MF621544EEB80DD	10			Stanford HIVDB	HIVDB ASI formula score rule
G74EA6957E358	bictegravir	M4A20BE585F0B1C AND M4E819F5BFAE235	5			Stanford HIVDB	HIVDB ASI MAX branch (mutually exclusive in single-infection context)
G752BD9E2B8E9	dolutegravir	(M456B8266C9E267 OR MD043E48DA7EA16 OR MA4C8091670188D) AND M1C6F23D486A5F1	20			Stanford HIVDB	HIVDB ASI formula score rule
G76336494F77C	lopinavir	(MF71FA6220EF7BA) OR (MAB287F2A2BA958) OR (M056430DB74AA85) OR (M87D869FBDD5574) OR (M2327D8C06908D8) OR (M5A27F9FA0DC39B) OR (M2A87593C432272)	10			Stanford HIVDB	HIVDB ASI equal-score MAX represented as OR
G78CAAAF5287E	atazanavir	MD270818B455E39 AND (ME687E70A889DFE OR M5C49F6249E2878)	5			Stanford HIVDB	HIVDB ASI formula score rule
G78E585AA3704	fosamprenavir	(M8865F105EF152F OR MB7E92384B27ABA) AND M4B3F29280ED948	5			Stanford HIVDB	HIVDB ASI formula score rule
G7985D7AEB06B	abacavir	M8C89252B6B11E0 AND (M3CF3AE8895D121 OR M394EF42C03343E)	10			Stanford HIVDB	HIVDB ASI formula score rule
G7A19ECB91121	etravirine	(ME88DEF97BE11CD) OR (M41014ADBE04B81) OR (MF1F42F0F4C26DE) OR (M5086D7A1A3BADC) OR (ME5E9778393E870)	10			Stanford HIVDB	HIVDB ASI equal-score MAX represented as OR
G7A64F4FCEC7B	rilpivirine	MA683FB1A867637 AND MC1BB2F55E94C3A	5			Stanford HIVDB	HIVDB ASI formula score rule
G7C25C41DF05D	didanosine	MF621544EEB80DD AND (M3CF3AE8895D121 OR M394EF42C03343E)	10			Stanford HIVDB	HIVDB ASI MAX branch (mutually exclusive in single-infection context)
G7D5608A18A70	dolutegravir	(M8EF129144D542D) OR (MF3162DF1B21803) OR (M69BC39EB4C200C) OR (MAE52D340A86FC6)	5			Stanford HIVDB	HIVDB ASI equal-score MAX represented as OR
G7E541736F76C	raltegravir	(M60586A690C4E36 OR M3B93827737F78C OR MC9D5AF3C8D05AB) AND (M9936C233993561 OR MD60CB7A29D0479 OR MD7884DFEB4A781)	15			Stanford HIVDB	HIVDB ASI formula score rule
G7EF82EFA9163	islatravir	(MAB84C511833027 OR M9B09D32E2C4A8A OR MC06B9916181B75 OR M40CA15D4B01B60 OR M0174E0694F1148 OR M0886A00E9D9F77) AND (M3CF3AE8895D121 OR M394EF42C03343E) AND (M81DD153D81A5B6 OR M55A0F7882A756C OR M9D7807932A37AE OR M7FC6CD3E121A3B OR M89D281B25C8375)	5			Stanford HIVDB	HIVDB ASI formula score rule
G7F008C7D1601	didanosine	M8C89252B6B11E0 AND (M917E04063C1582 OR M4BC64141720B13 OR M60D58F7B28B4D8 OR M3B0A101EF57203 OR M0B4C4599FA0635 OR ME7D81FAF0B8EE1 OR M23691A42A11AF5 OR MAD22478EF3DE81 OR M26F2038A9450AC)	5			Stanford HIVDB	HIVDB ASI MAX branch (mutually exclusive in single-infection context)
G7F478CEE9F3C	cabotegravir	(MCA23838C46C0E0) OR (M4EF1427AB8E69A)	25			Stanford HIVDB	HIVDB ASI equal-score MAX represented as OR
G7FFAE295131C	fosamprenavir	(ME687E70A889DFE OR M5C49F6249E2878) AND (M8865F105EF152F OR MB7E92384B27ABA)	5			Stanford HIVDB	HIVDB ASI formula score rule
G80DCC5E55EF9	doravirine	MA683FB1A867637 AND (MD5739386DCEB28 OR M4081FEEF6F2CC8 OR MEAC2C35581BD9D)	10			Stanford HIVDB	HIVDB ASI formula score rule
G819A87184C44	atazanavir	MD270818B455E39 AND (M8865F105EF152F OR MB7E92384B27ABA)	5			Stanford HIVDB	HIVDB ASI formula score rule
G82239B574E7B	etravirine	MA683FB1A867637 AND (M61A28A3E22F206 OR ME00743F2DFC5D3)	15			Stanford HIVDB	HIVDB ASI formula score rule
G83B9E5CA2AE3	cabotegravir	(M456B8266C9E267 OR MD043E48DA7EA16 OR MA4C8091670188D) AND M6526B8E7B6223E	5			Stanford HIVDB	HIVDB ASI formula score rule
G84A18818E2BB	zidovudine	M8C89252B6B11E0 AND (M3CF3AE8895D121 OR M394EF42C03343E)	10			Stanford HIVDB	HIVDB ASI equal-score MAX branch
G85E0FA6672AD	stavudine	M77659A9E82B432 AND (M3CF3AE8895D121 OR M394EF42C03343E)	5			Stanford HIVDB	HIVDB ASI formula score rule
G86A10A5038AF	etravirine	(MD5739386DCEB28 OR M4081FEEF6F2CC8 OR MEAC2C35581BD9D) AND (M730BBA9F3300CD OR M28D9F19075D1BA OR M1326A6E8F04F1B OR MB9D280D5A0AE72 OR M946E87D92C64F0)	10			Stanford HIVDB	HIVDB ASI formula score rule
G876ADA640C12	doravirine	M372F6A2BD1A782 AND MD5739386DCEB28	5			Stanford HIVDB	HIVDB ASI formula score rule
G87BB428EFA63	islatravir	M8C89252B6B11E0 AND (MAB84C511833027 OR M9B09D32E2C4A8A OR MC06B9916181B75 OR M40CA15D4B01B60 OR M0174E0694F1148 OR M0886A00E9D9F77) AND (M3CF3AE8895D121 OR M394EF42C03343E)	5			Stanford HIVDB	HIVDB ASI formula score rule
G881458A48E52	rilpivirine	MA683FB1A867637 AND (MD5739386DCEB28 OR M4081FEEF6F2CC8 OR MEAC2C35581BD9D)	5			Stanford HIVDB	HIVDB ASI formula score rule
G882EF0569FAC	tenofovir	(MF04B4BBA1479D0 OR MBAEC9804AEDF06) AND MB18658F3BDF750	10			Stanford HIVDB	HIVDB ASI formula score rule
G883B3D8AE580	lopinavir	MD270818B455E39 AND MAA7DDA6B9E5122	5			Stanford HIVDB	HIVDB ASI formula score rule
G888605012747	doravirine	MC1BB2F55E94C3A AND MBBA0C7752715F3	5			Stanford HIVDB	HIVDB ASI formula score rule
G890B532B5CD1	cabotegravir	M83126D3C52E0AC AND M1C6F23D486A5F1	20			Stanford HIVDB	HIVDB ASI formula score rule
G8914999826BC	stavudine	M8C89252B6B11E0 AND (MAB84C511833027 OR M9B09D32E2C4A8A OR MC06B9916181B75) AND (M3CF3AE8895D121 OR M394EF42C03343E)	5			Stanford HIVDB	HIVDB ASI formula score rule
G8966D6BCD79F	doravirine	MC1BB2F55E94C3A AND (M61A28A3E22F206 OR ME00743F2DFC5D3 OR M4329B44D4B974F OR M22DCD152BFD15D OR M8A0FCC719C7BFF)	15			Stanford HIVDB	HIVDB ASI equal-score MAX branch
G8A0296ADC6D7	lopinavir	MD270818B455E39 AND (M8865F105EF152F OR MB7E92384B27ABA)	5			Stanford HIVDB	HIVDB ASI formula score rule
G8AE06ABCEE1D	tenofovir	(MF0493219EEF88B OR MBB571A0E3F01F3 OR M1D2831FA918A60 OR MD7EBE2CEB5DA7E OR ME69AE75D57DF36 OR M9CC4051EB43F47) AND (MDCBB7D214C6DE6 OR M7421E1A73CECCB)	10			Stanford HIVDB	HIVDB ASI formula score rule
G8AED83815233	bictegravir	M6526B8E7B6223E AND M1C6F23D486A5F1	5			Stanford HIVDB	HIVDB ASI formula score rule
G8B760E94B667	indinavir	(MCDCACAFE9A1E2D OR M98E231283287BC OR M98AEA30D012027) AND MD991E2A2971431	10			Stanford HIVDB	HIVDB ASI formula score rule
G8BBD0DC9E61C	bictegravir	M1C6F23D486A5F1 AND MA12E4A665E1624	20			Stanford HIVDB	HIVDB ASI formula score rule
G8C87564C918F	nevirapine	(M64AAB0D880F931) OR (M372F6A2BD1A782) OR (M9C064104BF4458) OR (M7DB837A53DF24B)	60			Stanford HIVDB	HIVDB ASI equal-score MAX represented as OR
G8CB025DC54C8	fosamprenavir	(MCDCACAFE9A1E2D) OR (M98E231283287BC) OR (M98AEA30D012027)	10			Stanford HIVDB	HIVDB ASI equal-score MAX represented as OR
G8D13B033C1F2	atazanavir	(ME687E70A889DFE OR M5C49F6249E2878) AND (M8865F105EF152F OR MB7E92384B27ABA)	5			Stanford HIVDB	HIVDB ASI formula score rule
G8E1F00311378	tipranavir	(M399FD2F5805484) OR (M0157E3EA88BF6F)	-5			Stanford HIVDB	HIVDB ASI equal-score MAX represented as OR
G8EB79A6D6C80	bictegravir	(M456B8266C9E267 OR MD043E48DA7EA16 OR MA4C8091670188D) AND M1C6F23D486A5F1	20			Stanford HIVDB	HIVDB ASI formula score rule
G9022F2941CB1	etravirine	M0D5130E689DA49 AND M730BBA9F3300CD	5			Stanford HIVDB	HIVDB ASI equal-score MAX branch
G9045B6E30718	dolutegravir	M83126D3C52E0AC AND M1C6F23D486A5F1	10			Stanford HIVDB	HIVDB ASI formula score rule
G90532322739A	saquinavir	(MCDCACAFE9A1E2D OR M98E231283287BC OR M98AEA30D012027) AND (M18B6FE6C31F946 OR M908980B4FCBF30 OR MB1184342090882 OR M3252BA5576D4FA OR MBE6AA388B51C8C OR M62F82FF181812D OR MBD9E54262C68EB)	10			Stanford HIVDB	HIVDB ASI formula score rule
G908A793F0D7B	bictegravir	(M60586A690C4E36 OR M3B93827737F78C OR MC9D5AF3C8D05AB) AND (M9936C233993561 OR MD60CB7A29D0479 OR MD7884DFEB4A781)	10			Stanford HIVDB	HIVDB ASI formula score rule
G90FABC164231	fosamprenavir	MD270818B455E39 AND (ME687E70A889DFE OR M5C49F6249E2878)	5			Stanford HIVDB	HIVDB ASI formula score rule
G924928CABDA5	lopinavir	(MCDCACAFE9A1E2D OR M98E231283287BC OR M98AEA30D012027) AND (M18B6FE6C31F946 OR M908980B4FCBF30 OR MB1184342090882 OR M3252BA5576D4FA OR MBE6AA388B51C8C OR M62F82FF181812D OR MBD9E54262C68EB)	10			Stanford HIVDB	HIVDB ASI formula score rule
G92ECB32857A1	bictegravir	(M9936C233993561 OR MD60CB7A29D0479 OR MD7884DFEB4A781) AND (M456B8266C9E267 OR MD043E48DA7EA16 OR MA4C8091670188D)	10			Stanford HIVDB	HIVDB ASI formula score rule
G93C679594CB8	didanosine	(MDCBB7D214C6DE6) OR (M7421E1A73CECCB)	10			Stanford HIVDB	HIVDB ASI equal-score MAX represented as OR
G9471099E4507	bictegravir	M937CD086308E9B AND M4E819F5BFAE235	5			Stanford HIVDB	HIVDB ASI formula score rule
G9525EABA850E	zidovudine	M7C2264FC22D7E3 AND MC891D3205A3704 AND (MB18658F3BDF750 OR MF397678D662D82)	15			Stanford HIVDB	HIVDB ASI formula score rule
G95381430EE7D	nelfinavir	(ME687E70A889DFE OR M5C49F6249E2878) AND M4B3F29280ED948	5			Stanford HIVDB	HIVDB ASI formula score rule
G9682C396723B	indinavir	MD270818B455E39 AND (ME687E70A889DFE OR M5C49F6249E2878)	5			Stanford HIVDB	HIVDB ASI formula score rule
G972BF57C1842	tenofovir	M8C89252B6B11E0 AND (MA43DABE6D51796 OR MD9907A8A453246) AND MF621544EEB80DD AND (M3CF3AE8895D121 OR M394EF42C03343E)	5			Stanford HIVDB	HIVDB ASI formula score rule
G977F58A74701	dolutegravir	(MCA23838C46C0E0) OR (M4EF1427AB8E69A)	15			Stanford HIVDB	HIVDB ASI equal-score MAX represented as OR
G98523C464A05	lopinavir	MD270818B455E39 AND (ME687E70A889DFE OR M5C49F6249E2878)	5			Stanford HIVDB	HIVDB ASI formula score rule
G98F8139F1B81	raltegravir	M85A14495D3F820 AND MA12E4A665E1624	10			Stanford HIVDB	HIVDB ASI formula score rule
G9937931FC8D1	stavudine	M7C2264FC22D7E3 AND MC891D3205A3704 AND MB18658F3BDF750	10			Stanford HIVDB	HIVDB ASI formula score rule
G9984329512D0	bictegravir	MD1098501CDE725 AND (M456B8266C9E267 OR MD043E48DA7EA16 OR MA4C8091670188D)	10			Stanford HIVDB	HIVDB ASI formula score rule
G9A7649E2712A	atazanavir	MA46ACD73BD38D9 AND M4AC3D6BAD0DC8A	10			Stanford HIVDB	HIVDB ASI formula score rule
G9AA98EB12B58	didanosine	M332B1227BAC42F AND M8C89252B6B11E0 AND MF621544EEB80DD AND (M3CF3AE8895D121 OR M394EF42C03343E)	5			Stanford HIVDB	HIVDB ASI formula score rule
G9BDF50274451	rilpivirine	MC1BB2F55E94C3A AND (M61A28A3E22F206 OR ME00743F2DFC5D3 OR M4329B44D4B974F OR M22DCD152BFD15D OR M8A0FCC719C7BFF)	15			Stanford HIVDB	HIVDB ASI MAX branch (mutually exclusive in single-infection context)
G9BF2FCA41830	bictegravir	(M456B8266C9E267 OR MD043E48DA7EA16 OR MA4C8091670188D) AND M6526B8E7B6223E	5			Stanford HIVDB	HIVDB ASI formula score rule
G9C1B7E731E79	stavudine	(MAB84C511833027 OR M9B09D32E2C4A8A OR MC06B9916181B75) AND (M3CF3AE8895D121 OR M394EF42C03343E) AND (M81DD153D81A5B6 OR M55A0F7882A756C OR M9D7807932A37AE OR M7FC6CD3E121A3B)	5			Stanford HIVDB	HIVDB ASI formula score rule
G9C37F9D7F88A	doravirine	(M0D5130E689DA49) OR (M00CBBAC59869DE)	5			Stanford HIVDB	HIVDB ASI equal-score MAX represented as OR
G9C6E228C0586	tenofovir	M8C89252B6B11E0 AND (MAB84C511833027 OR M9B09D32E2C4A8A OR MC06B9916181B75 OR M40CA15D4B01B60 OR M0174E0694F1148 OR M0886A00E9D9F77) AND (M3CF3AE8895D121 OR M394EF42C03343E)	5			Stanford HIVDB	HIVDB ASI formula score rule
G9C9C5943282D	atazanavir	(MCDCACAFE9A1E2D OR M98E231283287BC OR M98AEA30D012027) AND (M18B6FE6C31F946 OR M908980B4FCBF30 OR MB1184342090882 OR M3252BA5576D4FA OR MBE6AA388B51C8C OR M62F82FF181812D OR MBD9E54262C68EB)	10			Stanford HIVDB	HIVDB ASI formula score rule
G9CE312A284E3	bictegravir	M31060009044565 AND MD072C0636EE5E0	10			Stanford HIVDB	HIVDB ASI formula score rule
G9D4671DFD2C0	lopinavir	(MCDCACAFE9A1E2D OR M98E231283287BC OR M98AEA30D012027) AND M4AC3D6BAD0DC8A	5			Stanford HIVDB	HIVDB ASI formula score rule
G9DA1B07D626C	rilpivirine	M12A64A6E2E57E6 AND (M61A28A3E22F206 OR ME00743F2DFC5D3)	10			Stanford HIVDB	HIVDB ASI MAX branch (mutually exclusive in single-infection context)
G9E5612B611D6	abacavir	M8C89252B6B11E0 AND (M7421E1A73CECCB OR MDCBB7D214C6DE6) AND (M3CF3AE8895D121 OR M394EF42C03343E)	10			Stanford HIVDB	HIVDB ASI formula score rule
G9E56188BF799	raltegravir	M4A6101AE13C6B6 AND MA12E4A665E1624	10			Stanford HIVDB	HIVDB ASI formula score rule
G9ECAEA73DC33	stavudine	M8C89252B6B11E0 AND (M3CF3AE8895D121 OR M394EF42C03343E)	10			Stanford HIVDB	HIVDB ASI MAX branch (mutually exclusive in single-infection context)
GA0E124A9CB66	doravirine	M372F6A2BD1A782 AND M4806AC8353D80B	20			Stanford HIVDB	HIVDB ASI formula score rule
GA12030B49BAC	tipranavir	(MCDCACAFE9A1E2D OR M98E231283287BC) AND M4B3F29280ED948 AND M4AC3D6BAD0DC8A	5			Stanford HIVDB	HIVDB ASI formula score rule
GA140628FEC8C	doravirine	(MD5739386DCEB28 OR M4081FEEF6F2CC8 OR MEAC2C35581BD9D) AND (M730BBA9F3300CD OR M28D9F19075D1BA OR M1326A6E8F04F1B OR MB9D280D5A0AE72 OR M946E87D92C64F0)	10			Stanford HIVDB	HIVDB ASI formula score rule
GA2733C3EAA83	nelfinavir	MD270818B455E39 AND MD991E2A2971431	5			Stanford HIVDB	HIVDB ASI formula score rule
GA3547525E24E	stavudine	M8C89252B6B11E0 AND (M917E04063C1582 OR M4BC64141720B13 OR M60D58F7B28B4D8 OR M3B0A101EF57203 OR M0B4C4599FA0635 OR ME7D81FAF0B8EE1 OR M23691A42A11AF5 OR MAD22478EF3DE81 OR M26F2038A9450AC)	5			Stanford HIVDB	HIVDB ASI MAX branch (mutually exclusive in single-infection context)
GA376C6050932	etravirine	M21D26F5442CEB1 AND MD5739386DCEB28	10			Stanford HIVDB	HIVDB ASI MAX branch (mutually exclusive in single-infection context)
GA7058C508B8A	zidovudine	(M81DD153D81A5B6) OR (M55A0F7882A756C) OR (M9D7807932A37AE) OR (M7FC6CD3E121A3B) OR (M89D281B25C8375)	10			Stanford HIVDB	HIVDB ASI equal-score MAX represented as OR
GA79F25871656	emtricitabine	(MC0B371EA629F0A)	15			Stanford HIVDB	HIVDB ASI equal-score MAX represented as OR
GA7C200254517	raltegravir	M233B0087B74FF2 AND M4E819F5BFAE235	10			Stanford HIVDB	HIVDB ASI formula score rule
GA84BC2E351A2	nelfinavir	(MCDCACAFE9A1E2D OR M98E231283287BC OR M98AEA30D012027) AND M4AC3D6BAD0DC8A	10			Stanford HIVDB	HIVDB ASI formula score rule
GA8C91DAC59E3	nelfinavir	(M8865F105EF152F OR MB7E92384B27ABA) AND M4B3F29280ED948	5			Stanford HIVDB	HIVDB ASI formula score rule
GA8C9D68592C9	indinavir	MD270818B455E39 AND (M8865F105EF152F OR MB7E92384B27ABA)	5			Stanford HIVDB	HIVDB ASI formula score rule
GA90DD0778C1B	indinavir	(MCDCACAFE9A1E2D OR M98E231283287BC OR M98AEA30D012027) AND (M18B6FE6C31F946 OR M908980B4FCBF30 OR MB1184342090882 OR M3252BA5576D4FA OR MBE6AA388B51C8C OR M62F82FF181812D OR MBD9E54262C68EB)	10			Stanford HIVDB	HIVDB ASI formula score rule
GA95223D58754	dolutegravir	M3B93827737F78C AND MA12E4A665E1624	10			Stanford HIVDB	HIVDB ASI formula score rule
GA9BAF3AAEB29	darunavir	(M8865F105EF152F OR MB7E92384B27ABA) AND MAA7DDA6B9E5122	5			Stanford HIVDB	HIVDB ASI formula score rule
GAA0A1DA6F77C	rilpivirine	M0D5130E689DA49 AND MDCBB7D214C6DE6	15			Stanford HIVDB	HIVDB ASI formula score rule
GAB409338338B	nelfinavir	(MCDCACAFE9A1E2D OR M98E231283287BC OR M98AEA30D012027) AND MD991E2A2971431	10			Stanford HIVDB	HIVDB ASI formula score rule
GAB962C928539	nelfinavir	(M8865F105EF152F OR MB7E92384B27ABA) AND MAA7DDA6B9E5122	5			Stanford HIVDB	HIVDB ASI formula score rule
GABD7B44BEE9F	abacavir	(MAB84C511833027 OR M9B09D32E2C4A8A OR MC06B9916181B75 OR M40CA15D4B01B60 OR M0174E0694F1148 OR M0886A00E9D9F77) AND (M3CF3AE8895D121 OR M394EF42C03343E) AND (M81DD153D81A5B6 OR M55A0F7882A756C OR M9D7807932A37AE OR M7FC6CD3E121A3B OR M89D281B25C8375)	5			Stanford HIVDB	HIVDB ASI formula score rule
GAC58224E48A7	lopinavir	(ME687E70A889DFE OR M5C49F6249E2878) AND (M8865F105EF152F OR MB7E92384B27ABA)	5			Stanford HIVDB	HIVDB ASI formula score rule
GACF30695034F	indinavir	(M1AA9B395C6F9B0) OR (M11388D0A0C17C0) OR (M4B3F29280ED948)	60			Stanford HIVDB	HIVDB ASI equal-score MAX represented as OR
GAD199327B3F9	efavirenz	M12A64A6E2E57E6 AND (M61A28A3E22F206 OR ME00743F2DFC5D3)	15			Stanford HIVDB	HIVDB ASI MAX branch (mutually exclusive in single-infection context)
GADB5B6D9FC52	elvitegravir	M26B5D68C73DE6F AND MA12E4A665E1624	15			Stanford HIVDB	HIVDB ASI formula score rule
GADCA3A1B25C9	zidovudine	M8C89252B6B11E0 AND (M917E04063C1582 OR M4BC64141720B13 OR M60D58F7B28B4D8 OR M3B0A101EF57203 OR M0B4C4599FA0635 OR ME7D81FAF0B8EE1 OR M23691A42A11AF5 OR MAD22478EF3DE81 OR M26F2038A9450AC)	10			Stanford HIVDB	HIVDB ASI equal-score MAX branch
GAE5140E6BC72	doravirine	(MD5739386DCEB28 OR M4081FEEF6F2CC8 OR MEAC2C35581BD9D) AND MBBA0C7752715F3	10			Stanford HIVDB	HIVDB ASI formula score rule
GAED1FAA0AC37	tenofovir	(MAB84C511833027 OR M9B09D32E2C4A8A OR MC06B9916181B75 OR M40CA15D4B01B60 OR M0174E0694F1148 OR M0886A00E9D9F77) AND (M3CF3AE8895D121 OR M394EF42C03343E) AND (M81DD153D81A5B6 OR M55A0F7882A756C OR M9D7807932A37AE OR M7FC6CD3E121A3B OR M89D281B25C8375)	5			Stanford HIVDB	HIVDB ASI formula score rule
GAF7093EEB2E5	bictegravir	M3B93827737F78C AND MA12E4A665E1624	10			Stanford HIVDB	HIVDB ASI formula score rule
GAF71F0B53E85	rilpivirine	(M12A64A6E2E57E6) OR (MC1BB2F55E94C3A)	5			Stanford HIVDB	HIVDB ASI equal-score MAX represented as OR
GAF8AA3E33D2A	tenofovir	M8C89252B6B11E0 AND MF621544EEB80DD	5			Stanford HIVDB	HIVDB ASI formula score rule
GB186D04AC157	dolutegravir	M1C6F23D486A5F1 AND MA12E4A665E1624	20			Stanford HIVDB	HIVDB ASI formula score rule
GB20104E45C84	indinavir	(MCDCACAFE9A1E2D) OR (M98E231283287BC) OR (M98AEA30D012027)	10			Stanford HIVDB	HIVDB ASI equal-score MAX represented as OR
GB35D6589F5BB	stavudine	M332B1227BAC42F AND M8C89252B6B11E0 AND MF621544EEB80DD AND (M3CF3AE8895D121 OR M394EF42C03343E)	5			Stanford HIVDB	HIVDB ASI formula score rule
GB430C0ABD4BE	cabotegravir	M85A14495D3F820 AND MA12E4A665E1624	10			Stanford HIVDB	HIVDB ASI formula score rule
GB46376EF6199	zidovudine	M8C89252B6B11E0 AND (MA43DABE6D51796 OR MD9907A8A453246) AND MF621544EEB80DD AND (M3CF3AE8895D121 OR M394EF42C03343E)	5			Stanford HIVDB	HIVDB ASI formula score rule
GB61B34AEBCF1	bictegravir	M233B0087B74FF2 AND (M456B8266C9E267 OR MD043E48DA7EA16 OR MA4C8091670188D)	15			Stanford HIVDB	HIVDB ASI formula score rule
GB61FC35D6A09	abacavir	(MAB84C511833027 OR M9B09D32E2C4A8A OR MC06B9916181B75 OR M40CA15D4B01B60 OR M0174E0694F1148 OR M0886A00E9D9F77) AND M77659A9E82B432 AND (M7421E1A73CECCB OR MDCBB7D214C6DE6) AND (M81DD153D81A5B6 OR M55A0F7882A756C OR M9D7807932A37AE OR M7FC6CD3E121A3B OR M89D281B25C8375)	10			Stanford HIVDB	HIVDB ASI formula score rule
GB697807D3857	lamivudine	(MF0493219EEF88B) OR (MBB571A0E3F01F3) OR (M1D2831FA918A60) OR (MD7EBE2CEB5DA7E) OR (ME69AE75D57DF36) OR (M9CC4051EB43F47) OR (MD918846433E78E)	10			Stanford HIVDB	HIVDB ASI equal-score MAX represented as OR
GB6ADC13784EF	lopinavir	(M093BC77AA7492A OR M8865F105EF152F OR MB7E92384B27ABA OR M85781FAE028BBA OR MD332AC6E014C76 OR M8CD4A5F5362398) AND M4AC3D6BAD0DC8A	5			Stanford HIVDB	HIVDB ASI formula score rule
GB7316AEA9713	cabotegravir	M233B0087B74FF2 AND (M456B8266C9E267 OR MD043E48DA7EA16 OR MA4C8091670188D)	20			Stanford HIVDB	HIVDB ASI formula score rule
GB74529A7F81C	raltegravir	(MD050193760625C) OR (M9F4FAFB6CFE393)	15			Stanford HIVDB	HIVDB ASI equal-score MAX represented as OR
GB74A40BB5F73	bictegravir	(M31060009044565 OR ME40C78DD898A86) AND M4E819F5BFAE235	10			Stanford HIVDB	HIVDB ASI MAX branch (mutually exclusive in single-infection context)
GB7F6AEA0B9BA	abacavir	M332B1227BAC42F AND M8C89252B6B11E0 AND MF621544EEB80DD AND (M3CF3AE8895D121 OR M394EF42C03343E)	5			Stanford HIVDB	HIVDB ASI formula score rule
GB8382D266C27	nelfinavir	(MCA9832F46BEAE2 OR M5B6F1675810D2B) AND MD270818B455E39	5			Stanford HIVDB	HIVDB ASI formula score rule
GB89F1E1688B1	dolutegravir	(M31060009044565) OR (ME40C78DD898A86)	5			Stanford HIVDB	HIVDB ASI equal-score MAX represented as OR
GB8EDE0ABA680	nelfinavir	(ME687E70A889DFE OR M5C49F6249E2878) AND (M8865F105EF152F OR MB7E92384B27ABA)	5			Stanford HIVDB	HIVDB ASI formula score rule
GB8F83AC6ED9E	rilpivirine	(MD5739386DCEB28 OR M4081FEEF6F2CC8 OR MEAC2C35581BD9D) AND (M730BBA9F3300CD OR M28D9F19075D1BA OR M1326A6E8F04F1B OR MB9D280D5A0AE72 OR M946E87D92C64F0)	10			Stanford HIVDB	HIVDB ASI formula score rule
GBD58B6D02EC1	dolutegravir	MF11289732B2D81 AND (M456B8266C9E267 OR MD043E48DA7EA16 OR MA4C8091670188D)	5			Stanford HIVDB	HIVDB ASI formula score rule
GBDBA6BA18A4C	raltegravir	M83126D3C52E0AC AND M1C6F23D486A5F1	10			Stanford HIVDB	HIVDB ASI formula score rule
GBDBB2A8E3B9F	tenofovir	MF621544EEB80DD AND (M3CF3AE8895D121 OR M394EF42C03343E)	10			Stanford HIVDB	HIVDB ASI formula score rule
GBE333BE39FF1	dolutegravir	(M9936C233993561 OR MD60CB7A29D0479 OR MD7884DFEB4A781) AND (M456B8266C9E267 OR MD043E48DA7EA16 OR MA4C8091670188D)	10			Stanford HIVDB	HIVDB ASI formula score rule
GBE4704DB4275	emtricitabine	(MF0493219EEF88B) OR (MBB571A0E3F01F3) OR (M1D2831FA918A60) OR (MD7EBE2CEB5DA7E) OR (ME69AE75D57DF36) OR (M9CC4051EB43F47) OR (MD918846433E78E)	10			Stanford HIVDB	HIVDB ASI equal-score MAX represented as OR
GBE6B10387E95	doravirine	MC1BB2F55E94C3A AND M1326A6E8F04F1B	10			Stanford HIVDB	HIVDB ASI formula score rule
GBF580A3B0911	etravirine	M0D5130E689DA49 AND M1326A6E8F04F1B	5			Stanford HIVDB	HIVDB ASI equal-score MAX branch
GC00A07EADEB5	darunavir	MD270818B455E39 AND M4B3F29280ED948	5			Stanford HIVDB	HIVDB ASI formula score rule
GC09AAF489A9F	saquinavir	MA46ACD73BD38D9 AND M4AC3D6BAD0DC8A	10			Stanford HIVDB	HIVDB ASI formula score rule
GC1C0625318BB	atazanavir	(MCDCACAFE9A1E2D OR M98E231283287BC OR M98AEA30D012027) AND M4AC3D6BAD0DC8A	10			Stanford HIVDB	HIVDB ASI formula score rule
GC20AE57DB9FF	dolutegravir	(M60586A690C4E36 OR M3B93827737F78C OR MC9D5AF3C8D05AB) AND (M9936C233993561 OR MD60CB7A29D0479 OR MD7884DFEB4A781)	10			Stanford HIVDB	HIVDB ASI formula score rule
GC221DB4D7C90	doravirine	M20DC1A0E0371C7 AND M81B12EA7F69DA7	15			Stanford HIVDB	HIVDB ASI formula score rule
GC22DF6F0746E	rilpivirine	MA683FB1A867637 AND M81B12EA7F69DA7	5			Stanford HIVDB	HIVDB ASI formula score rule
GC2340693838B	cabotegravir	(M8EF129144D542D) OR (MF3162DF1B21803) OR (M69BC39EB4C200C) OR (MAE52D340A86FC6)	10			Stanford HIVDB	HIVDB ASI equal-score MAX represented as OR
GC242FD2FA07F	nevirapine	MA683FB1A867637 AND (M61A28A3E22F206 OR ME00743F2DFC5D3)	15			Stanford HIVDB	HIVDB ASI formula score rule
GC276E9DE4E8F	elvitegravir	(M9936C233993561) OR (MD60CB7A29D0479) OR (M38F4F136CC3EB8) OR (MD7884DFEB4A781)	30			Stanford HIVDB	HIVDB ASI equal-score MAX represented as OR
GC2A77A270622	rilpivirine	M099A92E25641E7 AND MD5739386DCEB28	15			Stanford HIVDB	HIVDB ASI MAX branch (mutually exclusive in single-infection context)
GC36EF71EDB98	stavudine	M8C89252B6B11E0 AND (MA43DABE6D51796 OR MD9907A8A453246) AND MF621544EEB80DD AND (M3CF3AE8895D121 OR M394EF42C03343E)	5			Stanford HIVDB	HIVDB ASI formula score rule
GC371EB6F0295	nevirapine	MC1BB2F55E94C3A AND (M61A28A3E22F206 OR ME00743F2DFC5D3 OR M4329B44D4B974F OR M22DCD152BFD15D OR M8A0FCC719C7BFF)	10			Stanford HIVDB	HIVDB ASI formula score rule
GC4DDCEAFB6FC	rilpivirine	MC1BB2F55E94C3A AND MD5739386DCEB28	10			Stanford HIVDB	HIVDB ASI formula score rule
GC4E2F9908B17	raltegravir	(MCA23838C46C0E0) OR (M4EF1427AB8E69A)	10			Stanford HIVDB	HIVDB ASI equal-score MAX represented as OR
GC56800E32BCC	didanosine	(MAB84C511833027 OR M9B09D32E2C4A8A OR MC06B9916181B75) AND M77659A9E82B432 AND (M81DD153D81A5B6 OR M55A0F7882A756C OR M9D7807932A37AE OR M7FC6CD3E121A3B)	10			Stanford HIVDB	HIVDB ASI formula score rule
GC7189F7922A6	lopinavir	(M18B6FE6C31F946 OR M908980B4FCBF30 OR MB1184342090882 OR M3252BA5576D4FA OR MBE6AA388B51C8C OR M62F82FF181812D OR MBD9E54262C68EB) AND M4AC3D6BAD0DC8A	5			Stanford HIVDB	HIVDB ASI formula score rule
GC7D3385C59CA	bictegravir	(M8EF129144D542D) OR (MF3162DF1B21803) OR (M69BC39EB4C200C) OR (MAE52D340A86FC6)	5			Stanford HIVDB	HIVDB ASI equal-score MAX represented as OR
GC98A17A78FEE	doravirine	M0D5130E689DA49 AND M730BBA9F3300CD	5			Stanford HIVDB	HIVDB ASI equal-score MAX branch
GCA127DBBC65E	bictegravir	(M60586A690C4E36) OR (M3B93827737F78C) OR (MC9D5AF3C8D05AB)	10			Stanford HIVDB	HIVDB ASI equal-score MAX represented as OR
GCA12EF14349F	bictegravir	(MCA23838C46C0E0) OR (M4EF1427AB8E69A)	15			Stanford HIVDB	HIVDB ASI equal-score MAX represented as OR
GCAA3C2EFD932	didanosine	M8C89252B6B11E0 AND (MAB84C511833027 OR M9B09D32E2C4A8A OR MC06B9916181B75) AND (M3CF3AE8895D121 OR M394EF42C03343E)	5			Stanford HIVDB	HIVDB ASI formula score rule
GCAD2D09D689C	saquinavir	(M2684057C62596E OR M9F2340DB63A432 OR M5232DEBE4798C3 OR MCBBFC648DAB115 OR MC7441FE2BA96F3) AND M4AC3D6BAD0DC8A	10			Stanford HIVDB	HIVDB ASI formula score rule
GCB1C47C7543F	elvitegravir	(ME832BA717593B5 OR M249C8BE8E7754B OR M738B1A6CB31545 OR MB8083FA053568B OR M10F9C12674D21E OR MCBE35DE3852513) AND M60EAB260309D28	10			Stanford HIVDB	HIVDB ASI formula score rule
GCBF3FBA3E6AC	saquinavir	(MF71FA6220EF7BA) OR (MAB287F2A2BA958) OR (M056430DB74AA85) OR (M87D869FBDD5574) OR (M2327D8C06908D8) OR (M5A27F9FA0DC39B) OR (M2A87593C432272)	60			Stanford HIVDB	HIVDB ASI equal-score MAX represented as OR
GCC2F692912A9	indinavir	(M2684057C62596E OR M9F2340DB63A432 OR M5232DEBE4798C3 OR MCBBFC648DAB115 OR MC7441FE2BA96F3) AND M4AC3D6BAD0DC8A	10			Stanford HIVDB	HIVDB ASI formula score rule
GCDE8AEC7E550	indinavir	(M093BC77AA7492A OR M8865F105EF152F OR MB7E92384B27ABA OR M85781FAE028BBA OR MD332AC6E014C76 OR M8CD4A5F5362398) AND (M18B6FE6C31F946 OR M908980B4FCBF30 OR MB1184342090882 OR M3252BA5576D4FA OR MBE6AA388B51C8C OR M62F82FF181812D OR MBD9E54262C68EB)	10			Stanford HIVDB	HIVDB ASI formula score rule
GCE13E2E142A5	bictegravir	M4E819F5BFAE235 AND (M60586A690C4E36 OR M3B93827737F78C OR MC9D5AF3C8D05AB)	10			Stanford HIVDB	HIVDB ASI formula score rule
GCE470383AE9B	lopinavir	(M2684057C62596E) OR (M9F2340DB63A432) OR (M413C2657D02197) OR (M5232DEBE4798C3) OR (MCBBFC648DAB115) OR (MC7441FE2BA96F3)	5			Stanford HIVDB	HIVDB ASI equal-score MAX represented as OR
GCFB1E0677788	darunavir	(ME687E70A889DFE) OR (M5C49F6249E2878)	10			Stanford HIVDB	HIVDB ASI equal-score MAX represented as OR
GD053AEF12944	emtricitabine	M8C89252B6B11E0 AND MF621544EEB80DD AND (M3CF3AE8895D121 OR M394EF42C03343E)	15			Stanford HIVDB	HIVDB ASI formula score rule
GD0974066887C	efavirenz	(M099A92E25641E7) OR (MC6BAD979A29BAA) OR (M65BB1A7E9A7A02) OR (MDF747337D2A96C)	10			Stanford HIVDB	HIVDB ASI equal-score MAX represented as OR
GD1A8688D5395	nevirapine	MA683FB1A867637 AND M81B12EA7F69DA7	5			Stanford HIVDB	HIVDB ASI formula score rule
GD22FC3DAAE49	darunavir	(M8865F105EF152F) OR (MB7E92384B27ABA)	20			Stanford HIVDB	HIVDB ASI equal-score MAX represented as OR
GD246CE641537	raltegravir	(M31060009044565) OR (ME40C78DD898A86)	5			Stanford HIVDB	HIVDB ASI equal-score MAX represented as OR
GD2F9EB4B8DED	lamivudine	(MC0B371EA629F0A)	15			Stanford HIVDB	HIVDB ASI equal-score MAX represented as OR
GD3891E74F283	elvitegravir	(ME832BA717593B5 OR M249C8BE8E7754B OR M738B1A6CB31545 OR MB8083FA053568B OR M10F9C12674D21E OR MCBE35DE3852513) AND M9F4FAFB6CFE393	10			Stanford HIVDB	HIVDB ASI formula score rule
GD398B4C0722A	bictegravir	(M60586A690C4E36 OR M3B93827737F78C OR MC9D5AF3C8D05AB) AND (M456B8266C9E267 OR MD043E48DA7EA16 OR MA4C8091670188D)	10			Stanford HIVDB	HIVDB ASI formula score rule
GD3A0D23452A2	nelfinavir	(M093BC77AA7492A OR M8865F105EF152F OR MB7E92384B27ABA OR M85781FAE028BBA OR MD332AC6E014C76 OR M8CD4A5F5362398) AND (M18B6FE6C31F946 OR M908980B4FCBF30 OR MB1184342090882 OR M3252BA5576D4FA OR MBE6AA388B51C8C OR M62F82FF181812D OR MBD9E54262C68EB)	10			Stanford HIVDB	HIVDB ASI formula score rule
GD3C669F2C7A2	rilpivirine	MA683FB1A867637 AND (M730BBA9F3300CD OR M1326A6E8F04F1B OR M28D9F19075D1BA)	5			Stanford HIVDB	HIVDB ASI formula score rule
GD40204CEB603	fosamprenavir	MD270818B455E39 AND MAA7DDA6B9E5122	5			Stanford HIVDB	HIVDB ASI formula score rule
GD5287DA911E5	doravirine	M0D5130E689DA49 AND MD5739386DCEB28	5			Stanford HIVDB	HIVDB ASI formula score rule
GD538635A049B	dolutegravir	(M456B8266C9E267 OR MD043E48DA7EA16 OR MA4C8091670188D) AND M02B7F867E90DB9	10			Stanford HIVDB	HIVDB ASI formula score rule
GD58CA411AB35	lamivudine	M7C2264FC22D7E3 AND MC891D3205A3704 AND (MB18658F3BDF750 OR MF397678D662D82)	15			Stanford HIVDB	HIVDB ASI formula score rule
GD5BF0DBB7E94	fosamprenavir	MD270818B455E39 AND MD991E2A2971431	5			Stanford HIVDB	HIVDB ASI formula score rule
GD5CE50C0AFA3	nevirapine	(M28D9F19075D1BA) OR (MC45935820400DF) OR (M2E2BE6B483DF4B) OR (M1326A6E8F04F1B) OR (MB9D280D5A0AE72) OR (M946E87D92C64F0) OR (M730BBA9F3300CD)	60			Stanford HIVDB	HIVDB ASI equal-score MAX represented as OR
GD5E09D7B7E08	lopinavir	(MCDCACAFE9A1E2D OR M98E231283287BC OR M98AEA30D012027) AND MD991E2A2971431	10			Stanford HIVDB	HIVDB ASI formula score rule
GD665846135FE	cabotegravir	(M456B8266C9E267 OR MD043E48DA7EA16 OR MA4C8091670188D) AND (MD050193760625C OR M9F4FAFB6CFE393)	15			Stanford HIVDB	HIVDB ASI formula score rule
GD6EBFC7C228A	bictegravir	M233B0087B74FF2 AND M4E819F5BFAE235	10			Stanford HIVDB	HIVDB ASI formula score rule
GD7435537938A	tenofovir	(MDCBB7D214C6DE6) OR (M7421E1A73CECCB)	-10			Stanford HIVDB	HIVDB ASI equal-score MAX represented as OR
GD765A78372DE	indinavir	MD270818B455E39 AND M4B3F29280ED948	5			Stanford HIVDB	HIVDB ASI formula score rule
GD87ABD5ED8FC	dolutegravir	(M456B8266C9E267 OR MD043E48DA7EA16 OR MA4C8091670188D) AND M6526B8E7B6223E	5			Stanford HIVDB	HIVDB ASI formula score rule
GD89408A69DC4	dolutegravir	M6526B8E7B6223E AND M1C6F23D486A5F1	5			Stanford HIVDB	HIVDB ASI formula score rule
GD8DBE8D30F30	efavirenz	M0D5130E689DA49 AND MD5739386DCEB28	5			Stanford HIVDB	HIVDB ASI formula score rule
GDAD7DF7DC0C3	indinavir	(ME687E70A889DFE) OR (M5C49F6249E2878)	15			Stanford HIVDB	HIVDB ASI equal-score MAX represented as OR
GDB46448BBFA8	cabotegravir	M4A6101AE13C6B6 AND MA12E4A665E1624	10			Stanford HIVDB	HIVDB ASI formula score rule
GDB9FFC43B678	nelfinavir	(M093BC77AA7492A OR M8865F105EF152F OR MB7E92384B27ABA OR M85781FAE028BBA OR MD332AC6E014C76 OR M8CD4A5F5362398) AND M4AC3D6BAD0DC8A	10			Stanford HIVDB	HIVDB ASI formula score rule
GDC1706CD0C82	fosamprenavir	(ME687E70A889DFE OR M5C49F6249E2878) AND M4B3F29280ED948	5			Stanford HIVDB	HIVDB ASI formula score rule
GDCBD92D29B75	rilpivirine	M7BE05B66683C88 AND M372F6A2BD1A782	15			Stanford HIVDB	HIVDB ASI formula score rule
GDCE348D7FD93	zidovudine	MB18658F3BDF750 AND (MDCBB7D214C6DE6 OR M7421E1A73CECCB)	10			Stanford HIVDB	HIVDB ASI formula score rule
GDDB44CA25A46	lenacapavir	(MEFABEF782F0649) OR (MDE92CA34008891) OR (M9E3301882033A3)	10			Stanford HIVDB	HIVDB ASI equal-score MAX represented as OR
GDE07BCE3B207	didanosine	M8C89252B6B11E0 AND MF621544EEB80DD	10			Stanford HIVDB	HIVDB ASI formula score rule
GDE0F5C1F382B	abacavir	(MAB84C511833027 OR M9B09D32E2C4A8A OR MC06B9916181B75 OR M40CA15D4B01B60 OR M0174E0694F1148 OR M0886A00E9D9F77) AND M77659A9E82B432 AND (M81DD153D81A5B6 OR M55A0F7882A756C OR M9D7807932A37AE OR M7FC6CD3E121A3B OR M89D281B25C8375)	10			Stanford HIVDB	HIVDB ASI formula score rule
GDF4C7D17FBFA	rilpivirine	(MD5739386DCEB28 OR M4081FEEF6F2CC8 OR MEAC2C35581BD9D) AND MBBA0C7752715F3	10			Stanford HIVDB	HIVDB ASI formula score rule
GDF914A90CD78	lopinavir	(M8865F105EF152F OR MB7E92384B27ABA) AND MAA7DDA6B9E5122	5			Stanford HIVDB	HIVDB ASI formula score rule
GE0550157AF17	doravirine	MC1BB2F55E94C3A AND MD5739386DCEB28	10			Stanford HIVDB	HIVDB ASI formula score rule
GE128692E1DA0	darunavir	(ME687E70A889DFE OR M5C49F6249E2878) AND M4B3F29280ED948	5			Stanford HIVDB	HIVDB ASI formula score rule
GE15A68346609	islatravir	M8C89252B6B11E0 AND MF621544EEB80DD AND (M3CF3AE8895D121 OR M394EF42C03343E)	5			Stanford HIVDB	HIVDB ASI formula score rule
GE1DE17B72DB8	islatravir	(MAB84C511833027 OR M9B09D32E2C4A8A OR MC06B9916181B75 OR M40CA15D4B01B60 OR M0174E0694F1148 OR M0886A00E9D9F77) AND M77659A9E82B432 AND (M81DD153D81A5B6 OR M55A0F7882A756C OR M9D7807932A37AE OR M7FC6CD3E121A3B OR M89D281B25C8375)	5			Stanford HIVDB	HIVDB ASI formula score rule
GE1E5B150CBD8	etravirine	MA683FB1A867637 AND M81B12EA7F69DA7	5			Stanford HIVDB	HIVDB ASI formula score rule
GE34E96ED6238	fosamprenavir	(MCA9832F46BEAE2 OR M5B6F1675810D2B) AND (M8865F105EF152F OR MB7E92384B27ABA)	5			Stanford HIVDB	HIVDB ASI formula score rule
GE555617F413F	cabotegravir	(M31060009044565 OR ME40C78DD898A86) AND (M456B8266C9E267 OR MD043E48DA7EA16 OR MA4C8091670188D)	15			Stanford HIVDB	HIVDB ASI MAX branch (mutually exclusive in single-infection context)
GE630D8A2D021	doravirine	M0D5130E689DA49 AND M1326A6E8F04F1B	5			Stanford HIVDB	HIVDB ASI equal-score MAX branch
GE780B5962922	nelfinavir	(MF71FA6220EF7BA) OR (MAB287F2A2BA958) OR (M056430DB74AA85) OR (M87D869FBDD5574) OR (M2327D8C06908D8) OR (M5A27F9FA0DC39B) OR (M2A87593C432272)	30			Stanford HIVDB	HIVDB ASI equal-score MAX represented as OR
GE90A7D04CCE1	raltegravir	(M60586A690C4E36) OR (M3B93827737F78C) OR (MC9D5AF3C8D05AB)	15			Stanford HIVDB	HIVDB ASI equal-score MAX represented as OR
GE9A3B77E09BA	cabotegravir	M3B93827737F78C AND MA12E4A665E1624	10			Stanford HIVDB	HIVDB ASI formula score rule
GEC2AF66BBCC9	indinavir	(ME687E70A889DFE OR M5C49F6249E2878) AND M4B3F29280ED948	5			Stanford HIVDB	HIVDB ASI formula score rule
GEEFFE9EA0188	elvitegravir	(M31060009044565 OR ME40C78DD898A86) AND (M456B8266C9E267 OR MD043E48DA7EA16 OR MA4C8091670188D)	15			Stanford HIVDB	HIVDB ASI formula score rule
GEF0053078503	dolutegravir	M85A14495D3F820 AND MA12E4A665E1624	10			Stanford HIVDB	HIVDB ASI formula score rule
GEF37A3EF0145	indinavir	(ME687E70A889DFE OR M5C49F6249E2878) AND (M8865F105EF152F OR MB7E92384B27ABA)	5			Stanford HIVDB	HIVDB ASI formula score rule
GEF9168E9E9CF	saquinavir	(M18B6FE6C31F946 OR M908980B4FCBF30 OR MB1184342090882 OR M3252BA5576D4FA OR MBE6AA388B51C8C OR M62F82FF181812D OR MBD9E54262C68EB) AND M4AC3D6BAD0DC8A	10			Stanford HIVDB	HIVDB ASI formula score rule
GEFE8413D5E04	bictegravir	(M31060009044565 OR ME40C78DD898A86) AND (M456B8266C9E267 OR MD043E48DA7EA16 OR MA4C8091670188D)	15			Stanford HIVDB	HIVDB ASI MAX branch (mutually exclusive in single-infection context)
GF0CCAABB074C	rilpivirine	MA683FB1A867637 AND (M61A28A3E22F206 OR ME00743F2DFC5D3)	15			Stanford HIVDB	HIVDB ASI formula score rule
GF1A3E8DF7DAE	indinavir	(M8865F105EF152F OR MB7E92384B27ABA) AND M4B3F29280ED948	5			Stanford HIVDB	HIVDB ASI formula score rule
GF1BB23B284ED	nelfinavir	(MCDCACAFE9A1E2D OR M98E231283287BC) AND M4B3F29280ED948 AND M4AC3D6BAD0DC8A	5			Stanford HIVDB	HIVDB ASI formula score rule
GF210460050A3	efavirenz	M752B42BF3D3C97 AND MC6BAD979A29BAA	20			Stanford HIVDB	HIVDB ASI formula score rule
GF2ABA2C625FD	nelfinavir	(MDB91FFAA7DEC65) OR (M5C757A15CE92D9) OR (M5F832AD9271CF0)	10			Stanford HIVDB	HIVDB ASI equal-score MAX represented as OR
GF318BE4FB7DA	emtricitabine	(MF04B4BBA1479D0 OR MBAEC9804AEDF06) AND MB18658F3BDF750	10			Stanford HIVDB	HIVDB ASI formula score rule
GF370A797C962	indinavir	(M8865F105EF152F OR MB7E92384B27ABA) AND MAA7DDA6B9E5122	5			Stanford HIVDB	HIVDB ASI formula score rule
GF61C80D8D443	elvitegravir	(MCA23838C46C0E0) OR (M4EF1427AB8E69A)	25			Stanford HIVDB	HIVDB ASI equal-score MAX represented as OR
GF69D3113DD8B	raltegravir	(ME832BA717593B5) OR (M249C8BE8E7754B) OR (M738B1A6CB31545) OR (MB8083FA053568B) OR (M1A90A82B38F84C) OR (M10F9C12674D21E) OR (MCBE35DE3852513)	60			Stanford HIVDB	HIVDB ASI equal-score MAX represented as OR
GF71CD62A3532	lopinavir	(MCDCACAFE9A1E2D OR M98E231283287BC) AND M4B3F29280ED948 AND M4AC3D6BAD0DC8A	5			Stanford HIVDB	HIVDB ASI formula score rule
GF73068FD1591	fosamprenavir	(MCA9832F46BEAE2 OR M5B6F1675810D2B) AND MD270818B455E39	5			Stanford HIVDB	HIVDB ASI formula score rule
GF7667C0DF0BC	doravirine	MA683FB1A867637 AND M81B12EA7F69DA7	15			Stanford HIVDB	HIVDB ASI formula score rule
GF8745C393533	cabotegravir	(M456B8266C9E267 OR MD043E48DA7EA16 OR MA4C8091670188D) AND M02B7F867E90DB9	10			Stanford HIVDB	HIVDB ASI formula score rule
GFA723519B4F9	tenofovir	M7C2264FC22D7E3 AND MC891D3205A3704 AND (MB18658F3BDF750 OR MF397678D662D82)	15			Stanford HIVDB	HIVDB ASI formula score rule
GFAAA723D3578	nelfinavir	MD270818B455E39 AND (ME687E70A889DFE OR M5C49F6249E2878)	5			Stanford HIVDB	HIVDB ASI formula score rule
GFAC7EAB1DB79	nelfinavir	(M18B6FE6C31F946 OR M908980B4FCBF30 OR MB1184342090882 OR M3252BA5576D4FA OR MBE6AA388B51C8C OR M62F82FF181812D OR MBD9E54262C68EB) AND M4AC3D6BAD0DC8A	10			Stanford HIVDB	HIVDB ASI formula score rule
GFB60DAD3913C	doravirine	MC1BB2F55E94C3A AND M81B12EA7F69DA7	15			Stanford HIVDB	HIVDB ASI formula score rule
GFC445AF9A904	dolutegravir	(M60586A690C4E36 OR M3B93827737F78C OR MC9D5AF3C8D05AB) AND (M456B8266C9E267 OR MD043E48DA7EA16 OR MA4C8091670188D)	10			Stanford HIVDB	HIVDB ASI formula score rule
GFC4E064F6513	raltegravir	(M31060009044565 OR ME40C78DD898A86) AND (M456B8266C9E267 OR MD043E48DA7EA16 OR MA4C8091670188D)	15			Stanford HIVDB	HIVDB ASI formula score rule
GFC6CE8C13721	lenacapavir	M5267E17981A2F3 AND M44050C62CD903B	15			Stanford HIVDB	HIVDB ASI formula score rule
GFCAD67705F41	abacavir	M7C2264FC22D7E3 AND MC891D3205A3704 AND (MB18658F3BDF750 OR MF397678D662D82)	15			Stanford HIVDB	HIVDB ASI formula score rule
GFEFEC3E75C6A	abacavir	M8C89252B6B11E0 AND (MAB84C511833027 OR M9B09D32E2C4A8A OR MC06B9916181B75 OR M40CA15D4B01B60 OR M0174E0694F1148 OR M0886A00E9D9F77) AND (M3CF3AE8895D121 OR M394EF42C03343E)	5			Stanford HIVDB	HIVDB ASI formula score rule
GFF44830808A9	dolutegravir	M233B0087B74FF2 AND (M456B8266C9E267 OR MD043E48DA7EA16 OR MA4C8091670188D)	15			Stanford HIVDB	HIVDB ASI formula score rule
