group_id	antiviral	expression	phenotype	publication	source	comment
G2F52034794B9	entecavir	M0D4C8304449324 AND (M1756D8C8EFC404 OR MB751C68732FC4B) AND M911B7008CED876 AND (M098CB7758F917F OR M23A369DAC99904 OR M63AE1841AAD731)	resistant	PMID:26309637,PMID:28183162	HBV-GLUE	L180M+M204V/I±I169T±M250; genotypes:B
G5E7371649DEF	entecavir	M0D4C8304449324 AND (M1756D8C8EFC404 OR MB751C68732FC4B) AND (ME04120185F3380 OR M3E84CC42496896 OR M32C5D5482DAA96 OR M0BE28452FA27AC OR M6BF21D1B372661 OR M7CC522B762089A OR M198F561D3146C0 OR M0754A8869F676B)	resistant	PMID:26309637,PMID:28183162	HBV-GLUE	L180M+M204V/I±T184; genotypes:B
GCF762663D739	entecavir	M0D4C8304449324 AND (M1756D8C8EFC404 OR MB751C68732FC4B) AND (MB0D8B92D8AA938 OR MA62A201A14855B OR M6723FF6DD2F9D5 OR M009ADF5F193494)	resistant	PMID:26309637,PMID:28183162	HBV-GLUE	L180M+M204V/I±S202; genotypes:B
G032CC8413486	lamivudine	(M1756D8C8EFC404 OR MB751C68732FC4B) AND (M1A78453BEFAB2A OR M26EE78E6152AEF)	resistant	PMID:26136470	HBV-GLUE	M204VI + L80IV; genotypes:D
G14967E5AEEC6	lamivudine	M0D4C8304449324 AND (M1756D8C8EFC404 OR MB751C68732FC4B) AND (MB0D8B92D8AA938 OR MA62A201A14855B OR M6723FF6DD2F9D5)	resistant	PMID:28183162	HBV-GLUE	L180M+M204V/I±S202; genotypes:B
G30D1E356579A	lamivudine	M0D4C8304449324 AND M1756D8C8EFC404	resistant	PMID:19737565,PMID:26136470,PMID:28183162	HBV-GLUE	L180M + M204V; genotypes:D , A
G3532B5B47A7E	lamivudine	(M1756D8C8EFC404 OR MB751C68732FC4B) AND M0D4C8304449324	resistant	PMID:26136470	HBV-GLUE	M204VI + L180M; genotypes:D
G6436E7C980E9	lamivudine	MB751C68732FC4B AND (M1A78453BEFAB2A OR M26EE78E6152AEF) AND M0D4C8304449324	resistant	PMID:26136470	HBV-GLUE	M204I + rtL80IV + rtL180M
G92B79D7E3387	lamivudine	M0D4C8304449324 AND (M1756D8C8EFC404 OR MB751C68732FC4B) AND (ME04120185F3380 OR M3E84CC42496896 OR M32C5D5482DAA96 OR M0BE28452FA27AC OR M6BF21D1B372661 OR M7CC522B762089A OR M198F561D3146C0 OR M442EC83212DABD OR M0754A8869F676B)	resistant	PMID:28183162	HBV-GLUE	L180M+M204V/I±T184; genotypes:B
GAFFDF19332A9	lamivudine	MFB18E52B72857C AND M22CE9B9F6882D7	resistant	PMID:28183162	HBV-GLUE	A181T+N236T
GC2ADFB2508EE	lamivudine	M1756D8C8EFC404 AND (M1A78453BEFAB2A OR M26EE78E6152AEF)	resistant	PMID:26136470	HBV-GLUE	M204V  + L80IV; genotypes:D , A
GD7D2056BDFD2	lamivudine	MB751C68732FC4B AND (M1A78453BEFAB2A OR M26EE78E6152AEF)	resistant	PMID:26136470	HBV-GLUE	M204I+ L80IV; genotypes:D
GECD61A1BB362	lamivudine	(M1756D8C8EFC404 OR MB751C68732FC4B) AND M0D4C8304449324 AND (M1A78453BEFAB2A OR M26EE78E6152AEF)	resistant	PMID:26136470	HBV-GLUE	M204VI + rL180M + rtL80IV; genotypes:D
GF2DB491F570F	lamivudine	M1756D8C8EFC404 AND M0D4C8304449324 AND (M1A78453BEFAB2A OR M26EE78E6152AEF)	resistant	PMID:26136470	HBV-GLUE	M204V +L180M + L80IV; genotypes:D
G595EACC965BA	telbivudine	M0D4C8304449324 AND (M1756D8C8EFC404 OR MB751C68732FC4B) AND M0BE28452FA27AC AND (M6723FF6DD2F9D5 OR MA62A201A14855B)	resistant	PMID:19737565	HBV-GLUE	L180M + M204V/I ± T184G ± S202I/G
G5B827F4B67D5	telbivudine	M0D4C8304449324 AND M1756D8C8EFC404	resistant	PMID:19737565,PMID:26136470,PMID:28183162	HBV-GLUE	L180M + M204V; genotypes:D , A
G6169906C2B27	telbivudine	M1A78453BEFAB2A AND MB751C68732FC4B	resistant	PMID:23458519	HBV-GLUE	L80I+M204I
GC95871A97C7E	telbivudine	M0D4C8304449324 AND (M1756D8C8EFC404 OR MB751C68732FC4B) AND M911B7008CED876 AND M28A874285ADAF5 AND M63AE1841AAD731	resistant	PMID:19737565	HBV-GLUE	L180M + M204V/I ± I169T ± V173L ± M250V
G2CB6E44F5B53	tenofovir	M0D4C8304449324 AND M1756D8C8EFC404	resistant	PMID:19737565,PMID:26136470,PMID:28183162	HBV-GLUE	L180M + M204V; genotypes:D , A
