feature	reference_identifier	position	reference	mutation	antiviral	phenotype	publication	source	member_id	comment
P	NC_003977	389	Y	N	adefovir	resistant	PMID:29713126	HBV-GLUE		rtY54 N; genotypes:A,B,C,D; ref_aa_corrected: source=T, genome_ref=Y
P	NC_003977	419	V	M	adefovir	resistant	PMID:29713126	HBV-GLUE		rtV84 M; genotypes:B,C
P	NC_003977	420	S	A	adefovir	resistant	PMID:24835494,PMID:25493022,PMID:29713126	HBV-GLUE		rtS85 A; genotypes:B,C
P	NC_003977	461	H	C	adefovir	resistant	PMID:29713126	HBV-GLUE		rtH126 C/R; genotypes:A,B,C,D; ref_aa_corrected: source=Y, genome_ref=H
P	NC_003977	461	H	R	adefovir	resistant	PMID:29713126	HBV-GLUE		rtH126 C/R; genotypes:A,B,C,D; ref_aa_corrected: source=Y, genome_ref=H
P	NC_003977	515	L	I	adefovir	resistant	PMID:26309637	HBV-GLUE		rtL180 I/M
P	NC_003977	515	L	M	adefovir	resistant	PMID:26309637	HBV-GLUE	M0D4C8304449324	rtL180 I/M
P	NC_003977	516	A	T	adefovir	resistant	PMID:20034521,PMID:24790911,PMID:26309637,PMID:27694733,PMID:29713126,PMID:31600164	HBV-GLUE	MFB18E52B72857C	rtA181 T/V; genotypes:A,B,C,D
P	NC_003977	516	A	V	adefovir	resistant	PMID:20034521,PMID:24790911,PMID:26309637,PMID:27694733,PMID:29713126,PMID:31600164	HBV-GLUE		rtA181 T/V; genotypes:A,B,C,D
P	NC_003977	519	T	A	adefovir	resistant	PMID:26309637,PMID:28581155	HBV-GLUE	ME04120185F3380	rtT184 A; genotypes:A
P	NC_003977	526	V	I	adefovir	resistant	PMID:29713126	HBV-GLUE		rtV191 I; genotypes:B,C,D
P	NC_003977	529	A	T	adefovir	resistant	PMID:29713126	HBV-GLUE		rtA194 T; genotypes:B,C,D
P	NC_003977	539	M	I	adefovir	resistant	PMID:29713126	HBV-GLUE	MB751C68732FC4B	rtM204 I/S/V; genotypes:A,B,C,D
P	NC_003977	539	M	S	adefovir	resistant	PMID:29713126	HBV-GLUE		rtM204 I/S/V; genotypes:A,B,C,D
P	NC_003977	539	M	V	adefovir	resistant	PMID:29713126	HBV-GLUE	M1756D8C8EFC404	rtM204 I/S/V; genotypes:A,B,C,D
P	NC_003977	542	V	M	adefovir	resistant	PMID:26309637	HBV-GLUE		rtV207 M
P	NC_003977	548	S	T	adefovir	resistant	PMID:26309637	HBV-GLUE		rtS213 T
P	NC_003977	549	V	A	adefovir	resistant	PMID:26309637,PMID:29713126,PMID:31600164	HBV-GLUE		rtV214 A; genotypes:B,C,D
P	NC_003977	550	Q	E	adefovir	resistant	PMID:21686872,PMID:29713126,PMID:31600164	HBV-GLUE		rtQ215 E/H/P/S; genotypes:A,B,C,D
P	NC_003977	550	Q	H	adefovir	resistant	PMID:21686872,PMID:29713126,PMID:31600164	HBV-GLUE		rtQ215 E/H/P/S; genotypes:A,B,C,D
P	NC_003977	550	Q	P	adefovir	resistant	PMID:21686872,PMID:29713126,PMID:31600164	HBV-GLUE		rtQ215 E/H/P/S; genotypes:A,B,C,D
P	NC_003977	550	Q	S	adefovir	resistant	PMID:21686872,PMID:29713126,PMID:31600164	HBV-GLUE		rtQ215 E/H/P/S; genotypes:A,B,C,D
P	NC_003977	552	L	R	adefovir	resistant	PMID:25493022,PMID:29713126	HBV-GLUE		rtL217 R; genotypes:A,B,C,D
P	NC_003977	553	E	D	adefovir	resistant	PMID:20586936,PMID:25493022,PMID:29713126	HBV-GLUE		rtE218 D/G; genotypes:A,B,C,D
P	NC_003977	553	E	G	adefovir	resistant	PMID:20586936,PMID:25493022,PMID:29713126	HBV-GLUE		rtE218 D/G; genotypes:A,B,C,D
P	NC_003977	556	F	Y	adefovir	resistant	PMID:25493022,PMID:29713126	HBV-GLUE		rtF221 Y; genotypes:A,B,C,D
P	NC_003977	568	I	V	adefovir	resistant	PMID:29093313,PMID:29713126	HBV-GLUE		rtI233 V; genotypes:A,C,D
P	NC_003977	571	N	A	adefovir	resistant	PMID:19737565,PMID:24790911,PMID:26309637,PMID:27694733,PMID:29713126	HBV-GLUE		rtN236 A/T; genotypes:B,C; invalid_ref_aa_corrected: source=B, genome_ref=N
P	NC_003977	571	N	T	adefovir	resistant	PMID:19737565,PMID:24790911,PMID:26309637,PMID:27694733,PMID:29713126	HBV-GLUE	M22CE9B9F6882D7	rtN236 A/T; genotypes:B,C; invalid_ref_aa_corrected: source=B, genome_ref=N
P	NC_003977	572	P	H	adefovir	resistant	PMID:24790911,PMID:29713126	HBV-GLUE		rtP237 H; genotypes:B,C
P	NC_003977	573	N	D	adefovir	resistant	PMID:24790911,PMID:26309637,PMID:29713126,PMID:31600164	HBV-GLUE		rtN238 D/S/T; genotypes:B,C; invalid_ref_aa_corrected: source=B, genome_ref=N; ref_aa_corrected: source=H, genome_ref=N
P	NC_003977	573	N	S	adefovir	resistant	PMID:24790911,PMID:26309637,PMID:29713126,PMID:31600164	HBV-GLUE		rtN238 D/S/T; genotypes:B,C; invalid_ref_aa_corrected: source=B, genome_ref=N; ref_aa_corrected: source=H, genome_ref=N
P	NC_003977	573	N	T	adefovir	resistant	PMID:24790911,PMID:26309637,PMID:29713126,PMID:31600164	HBV-GLUE		rtN238 D/S/T; genotypes:B,C; invalid_ref_aa_corrected: source=B, genome_ref=N; ref_aa_corrected: source=H, genome_ref=N
P	NC_003977	580	Y	H	adefovir	resistant	PMID:29713126	HBV-GLUE		rtY245 H; genotypes:B,C
P	NC_003977	583	N	H	adefovir	resistant	PMID:27492206,PMID:29093313	HBV-GLUE		rtN248 H; genotypes:B,C
P	NC_003977	591	C	G	adefovir	resistant	PMID:27492206	HBV-GLUE		rtC256 G; genotypes:C; ref_aa_corrected: source=S, genome_ref=C
P	NC_003977	504	I	T	entecavir	resistant	PMID:17178796,PMID:19737565,PMID:24016777,PMID:24630522,PMID:26309637,PMID:28183162,PMID:29713126	HBV-GLUE	M911B7008CED876	rtI169 T; genotypes:B,C
P	NC_003977	508	V	L	entecavir	resistant	PMID:26309637	HBV-GLUE	M28A874285ADAF5	rtV173 L; genotypes:B,C,D
P	NC_003977	515	L	I	entecavir	resistant	PMID:17178796,PMID:19737565,PMID:24016777,PMID:26309637,PMID:28183162,PMID:29713126	HBV-GLUE		rtL180 I/M; genotypes:A,B,C,D
P	NC_003977	515	L	M	entecavir	resistant	PMID:17178796,PMID:19737565,PMID:24016777,PMID:26309637,PMID:28183162,PMID:29713126	HBV-GLUE		rtL180 I/M; genotypes:A,B,C,D
P	NC_003977	516	A	V	entecavir	resistant	PMID:28581155	HBV-GLUE		rtA181 V; genotypes:A
P	NC_003977	519	T	A	entecavir	resistant	PMID:17178796,PMID:18435459,PMID:19737565,PMID:24016777,PMID:24630522,PMID:26309637,PMID:28581155,PMID:29713126	HBV-GLUE		rtT184 A/C/F/G/I/L/M/S; genotypes:A,B,C,D
P	NC_003977	519	T	C	entecavir	resistant	PMID:17178796,PMID:18435459,PMID:19737565,PMID:24016777,PMID:24630522,PMID:26309637,PMID:28581155,PMID:29713126	HBV-GLUE	M3E84CC42496896	rtT184 A/C/F/G/I/L/M/S; genotypes:A,B,C,D
P	NC_003977	519	T	F	entecavir	resistant	PMID:17178796,PMID:18435459,PMID:19737565,PMID:24016777,PMID:24630522,PMID:26309637,PMID:28581155,PMID:29713126	HBV-GLUE	M32C5D5482DAA96	rtT184 A/C/F/G/I/L/M/S; genotypes:A,B,C,D
P	NC_003977	519	T	G	entecavir	resistant	PMID:17178796,PMID:18435459,PMID:19737565,PMID:24016777,PMID:24630522,PMID:26309637,PMID:28581155,PMID:29713126	HBV-GLUE	M0BE28452FA27AC	rtT184 A/C/F/G/I/L/M/S; genotypes:A,B,C,D
P	NC_003977	519	T	I	entecavir	resistant	PMID:17178796,PMID:18435459,PMID:19737565,PMID:24016777,PMID:24630522,PMID:26309637,PMID:28581155,PMID:29713126	HBV-GLUE	M6BF21D1B372661	rtT184 A/C/F/G/I/L/M/S; genotypes:A,B,C,D
P	NC_003977	519	T	L	entecavir	resistant	PMID:17178796,PMID:18435459,PMID:19737565,PMID:24016777,PMID:24630522,PMID:26309637,PMID:28581155,PMID:29713126	HBV-GLUE	M7CC522B762089A	rtT184 A/C/F/G/I/L/M/S; genotypes:A,B,C,D
P	NC_003977	519	T	M	entecavir	resistant	PMID:17178796,PMID:18435459,PMID:19737565,PMID:24016777,PMID:24630522,PMID:26309637,PMID:28581155,PMID:29713126	HBV-GLUE	M198F561D3146C0	rtT184 A/C/F/G/I/L/M/S; genotypes:A,B,C,D
P	NC_003977	519	T	S	entecavir	resistant	PMID:17178796,PMID:18435459,PMID:19737565,PMID:24016777,PMID:24630522,PMID:26309637,PMID:28581155,PMID:29713126	HBV-GLUE	M0754A8869F676B	rtT184 A/C/F/G/I/L/M/S; genotypes:A,B,C,D
P	NC_003977	529	A	G	entecavir	resistant	PMID:27694733	HBV-GLUE		rtA194 G
P	NC_003977	537	S	C	entecavir	resistant	PMID:18435459,PMID:19737565,PMID:24016777,PMID:27694733,PMID:28581155,PMID:29713126	HBV-GLUE	MB0D8B92D8AA938	rtS202 C/G/I/N; genotypes:A,B,C,D
P	NC_003977	537	S	G	entecavir	resistant	PMID:18435459,PMID:19737565,PMID:24016777,PMID:27694733,PMID:28581155,PMID:29713126	HBV-GLUE	MA62A201A14855B	rtS202 C/G/I/N; genotypes:A,B,C,D
P	NC_003977	537	S	I	entecavir	resistant	PMID:18435459,PMID:19737565,PMID:24016777,PMID:27694733,PMID:28581155,PMID:29713126	HBV-GLUE	M6723FF6DD2F9D5	rtS202 C/G/I/N; genotypes:A,B,C,D
P	NC_003977	537	S	N	entecavir	resistant	PMID:18435459,PMID:19737565,PMID:24016777,PMID:27694733,PMID:28581155,PMID:29713126	HBV-GLUE	M009ADF5F193494	rtS202 C/G/I/N; genotypes:A,B,C,D
P	NC_003977	539	M	I	entecavir	resistant	PMID:19737565,PMID:26309637,PMID:28183162,PMID:29713126	HBV-GLUE		rtM204 I/S/V; genotypes:A,B,C,D
P	NC_003977	539	M	S	entecavir	resistant	PMID:19737565,PMID:26309637,PMID:28183162,PMID:29713126	HBV-GLUE		rtM204 I/S/V; genotypes:A,B,C,D
P	NC_003977	539	M	V	entecavir	resistant	PMID:19737565,PMID:26309637,PMID:28183162,PMID:29713126	HBV-GLUE		rtM204 I/S/V; genotypes:A,B,C,D
P	NC_003977	542	V	M	entecavir	resistant	PMID:26309637	HBV-GLUE		rtV207 M
P	NC_003977	548	S	T	entecavir	resistant	PMID:18435459,PMID:26309637,PMID:29713126	HBV-GLUE		rtS213 T; genotypes:A,B,C,D
P	NC_003977	549	V	A	entecavir	resistant	PMID:26309637	HBV-GLUE		rtV214 A; genotypes:C,D
P	NC_003977	571	N	A	entecavir	resistant	PMID:18435459,PMID:26309637	HBV-GLUE		rtN236 A; genotypes:B
P	NC_003977	573	N	T	entecavir	resistant	PMID:26309637	HBV-GLUE		rtN238 T; ref_aa_corrected: source=H, genome_ref=N
P	NC_003977	585	M	I	entecavir	resistant	PMID:18435459,PMID:24016777,PMID:24630522,PMID:29713126	HBV-GLUE	M098CB7758F917F	rtM250 I/L/V; genotypes:A,B,C,D
P	NC_003977	585	M	L	entecavir	resistant	PMID:18435459,PMID:24016777,PMID:24630522,PMID:29713126	HBV-GLUE	M23A369DAC99904	rtM250 I/L/V; genotypes:A,B,C,D
P	NC_003977	585	M	V	entecavir	resistant	PMID:18435459,PMID:24016777,PMID:24630522,PMID:29713126	HBV-GLUE	M63AE1841AAD731	rtM250 I/L/V; genotypes:A,B,C,D
P	NC_003977	591	C	G	entecavir	resistant	PMID:29093313,PMID:29713126	HBV-GLUE		rtC256 G; genotypes:B,C; genotype_polymorphism: genome_ref=C, genotype_refs=S/C; ref_aa_corrected: source=S, genome_ref=C
P	NC_003977	415	L	I	lamivudine	resistant	PMID:20674805,PMID:24835494,PMID:26136470,PMID:28581155,PMID:29093313,PMID:29713126	HBV-GLUE	M1A78453BEFAB2A	rtL80 I/V; genotypes:A,B,C,D
P	NC_003977	415	L	V	lamivudine	resistant	PMID:20674805,PMID:24835494,PMID:26136470,PMID:28581155,PMID:29093313,PMID:29713126	HBV-GLUE	M26EE78E6152AEF	rtL80 I/V; genotypes:A,B,C,D
P	NC_003977	417	L	M	lamivudine	resistant	PMID:20034521,PMID:29713126	HBV-GLUE		rtL82 M; genotypes:C
P	NC_003977	426	L	I	lamivudine	resistant	PMID:27492206	HBV-GLUE		rtL91 I; genotypes:C
P	NC_003977	488	R	E	lamivudine	resistant	PMID:27492206,PMID:29093313,PMID:29713126	HBV-GLUE		rtR153 E/Q; genotypes:B,C,D; ref_aa_corrected: source=W, genome_ref=R
P	NC_003977	488	R	Q	lamivudine	resistant	PMID:27492206,PMID:29093313,PMID:29713126	HBV-GLUE		rtR153 E/Q; genotypes:B,C,D; ref_aa_corrected: source=W, genome_ref=R
P	NC_003977	501	F	L	lamivudine	resistant	PMID:29713126	HBV-GLUE		rtF166 L
P	NC_003977	504	I	T	lamivudine	resistant	PMID:28183162	HBV-GLUE		rtI169 T; genotypes:B
P	NC_003977	508	V	L	lamivudine	resistant	PMID:21920388,PMID:26309637,PMID:27694733,PMID:29713126	HBV-GLUE		rtV173 L; genotypes:A,B,C,D
P	NC_003977	515	L	M	lamivudine	resistant	PMID:19737565,PMID:20034521,PMID:21920388,PMID:26136470,PMID:26309637,PMID:28183162,PMID:28581155,PMID:29713126	HBV-GLUE		rtL180 M; genotypes:A,B,C,D
P	NC_003977	516	A	T	lamivudine	resistant	PMID:20034521,PMID:20674805,PMID:21920388,PMID:27694733,PMID:28183162,PMID:29713126	HBV-GLUE		rtA181 T/V; genotypes:A,B,C,D
P	NC_003977	516	A	V	lamivudine	resistant	PMID:20034521,PMID:20674805,PMID:21920388,PMID:27694733,PMID:28183162,PMID:29713126	HBV-GLUE		rtA181 T/V; genotypes:A,B,C,D
P	NC_003977	519	T	A	lamivudine	resistant	PMID:26309637,PMID:28581155,PMID:29093313,PMID:29713126	HBV-GLUE		rtT184 A/C/F/G/I/L/M/N/S; genotypes:A,B,C,D
P	NC_003977	519	T	C	lamivudine	resistant	PMID:26309637,PMID:28581155,PMID:29093313,PMID:29713126	HBV-GLUE		rtT184 A/C/F/G/I/L/M/N/S; genotypes:A,B,C,D
P	NC_003977	519	T	F	lamivudine	resistant	PMID:26309637,PMID:28581155,PMID:29093313,PMID:29713126	HBV-GLUE		rtT184 A/C/F/G/I/L/M/N/S; genotypes:A,B,C,D
P	NC_003977	519	T	G	lamivudine	resistant	PMID:26309637,PMID:28581155,PMID:29093313,PMID:29713126	HBV-GLUE		rtT184 A/C/F/G/I/L/M/N/S; genotypes:A,B,C,D
P	NC_003977	519	T	I	lamivudine	resistant	PMID:26309637,PMID:28581155,PMID:29093313,PMID:29713126	HBV-GLUE		rtT184 A/C/F/G/I/L/M/N/S; genotypes:A,B,C,D
P	NC_003977	519	T	L	lamivudine	resistant	PMID:26309637,PMID:28581155,PMID:29093313,PMID:29713126	HBV-GLUE		rtT184 A/C/F/G/I/L/M/N/S; genotypes:A,B,C,D
P	NC_003977	519	T	M	lamivudine	resistant	PMID:26309637,PMID:28581155,PMID:29093313,PMID:29713126	HBV-GLUE		rtT184 A/C/F/G/I/L/M/N/S; genotypes:A,B,C,D
P	NC_003977	519	T	N	lamivudine	resistant	PMID:26309637,PMID:28581155,PMID:29093313,PMID:29713126	HBV-GLUE	M442EC83212DABD	rtT184 A/C/F/G/I/L/M/N/S; genotypes:A,B,C,D
P	NC_003977	519	T	S	lamivudine	resistant	PMID:26309637,PMID:28581155,PMID:29093313,PMID:29713126	HBV-GLUE		rtT184 A/C/F/G/I/L/M/N/S; genotypes:A,B,C,D
P	NC_003977	526	V	I	lamivudine	resistant	PMID:20034521,PMID:21920388,PMID:29713126	HBV-GLUE		rtV191 I; genotypes:B,C,D
P	NC_003977	535	A	V	lamivudine	resistant	PMID:29713126	HBV-GLUE		rtA200 V; genotypes:B,C
P	NC_003977	537	S	C	lamivudine	resistant	PMID:28581155,PMID:29713126	HBV-GLUE		rtS202 C/G/I; genotypes:A,B,C,D
P	NC_003977	537	S	G	lamivudine	resistant	PMID:28581155,PMID:29713126	HBV-GLUE		rtS202 C/G/I; genotypes:A,B,C,D
P	NC_003977	537	S	I	lamivudine	resistant	PMID:28581155,PMID:29713126	HBV-GLUE		rtS202 C/G/I; genotypes:A,B,C,D
P	NC_003977	539	M	I	lamivudine	resistant	PMID:19737565,PMID:24630522,PMID:24835494,PMID:26136470,PMID:26309637,PMID:28183162,PMID:29713126	HBV-GLUE		rtM204 I/S/V; genotypes:A,B,C,D
P	NC_003977	539	M	S	lamivudine	resistant	PMID:19737565,PMID:24630522,PMID:24835494,PMID:26136470,PMID:26309637,PMID:28183162,PMID:29713126	HBV-GLUE		rtM204 I/S/V; genotypes:A,B,C,D
P	NC_003977	539	M	V	lamivudine	resistant	PMID:19737565,PMID:24630522,PMID:24835494,PMID:26136470,PMID:26309637,PMID:28183162,PMID:29713126	HBV-GLUE		rtM204 I/S/V; genotypes:A,B,C,D
P	NC_003977	542	V	G	lamivudine	resistant	PMID:26309637,PMID:29713126,PMID:31600164	HBV-GLUE		rtV207 G/I/L/M; genotypes:A,B,C,D
P	NC_003977	542	V	I	lamivudine	resistant	PMID:26309637,PMID:29713126,PMID:31600164	HBV-GLUE		rtV207 G/I/L/M; genotypes:A,B,C,D
P	NC_003977	542	V	L	lamivudine	resistant	PMID:26309637,PMID:29713126,PMID:31600164	HBV-GLUE		rtV207 G/I/L/M; genotypes:A,B,C,D
P	NC_003977	542	V	M	lamivudine	resistant	PMID:26309637,PMID:29713126,PMID:31600164	HBV-GLUE		rtV207 G/I/L/M; genotypes:A,B,C,D
P	NC_003977	548	S	T	lamivudine	resistant	PMID:26309637	HBV-GLUE		rtS213 T; genotypes:A,B,C,D
P	NC_003977	549	V	A	lamivudine	resistant	PMID:21915864,PMID:26309637	HBV-GLUE		rtV214 A; genotypes:C,D
P	NC_003977	550	Q	E	lamivudine	resistant	PMID:20034521,PMID:21920388,PMID:24835494,PMID:29713126	HBV-GLUE		rtQ215 E/H/P/S; genotypes:A,B,C,D
P	NC_003977	550	Q	H	lamivudine	resistant	PMID:20034521,PMID:21920388,PMID:24835494,PMID:29713126	HBV-GLUE		rtQ215 E/H/P/S; genotypes:A,B,C,D
P	NC_003977	550	Q	P	lamivudine	resistant	PMID:20034521,PMID:21920388,PMID:24835494,PMID:29713126	HBV-GLUE		rtQ215 E/H/P/S; genotypes:A,B,C,D
P	NC_003977	550	Q	S	lamivudine	resistant	PMID:20034521,PMID:21920388,PMID:24835494,PMID:29713126	HBV-GLUE		rtQ215 E/H/P/S; genotypes:A,B,C,D
P	NC_003977	564	L	F	lamivudine	resistant	PMID:20034521,PMID:29713126	HBV-GLUE		rtL229 F/G/V/W; genotypes:B,C,D
P	NC_003977	564	L	G	lamivudine	resistant	PMID:20034521,PMID:29713126	HBV-GLUE		rtL229 F/G/V/W; genotypes:B,C,D
P	NC_003977	564	L	V	lamivudine	resistant	PMID:20034521,PMID:29713126	HBV-GLUE		rtL229 F/G/V/W; genotypes:B,C,D
P	NC_003977	564	L	W	lamivudine	resistant	PMID:20034521,PMID:29713126	HBV-GLUE		rtL229 F/G/V/W; genotypes:B,C,D
P	NC_003977	571	N	A	lamivudine	resistant	PMID:26309637,PMID:28183162	HBV-GLUE		rtN236 A/T; genotypes:B
P	NC_003977	571	N	T	lamivudine	resistant	PMID:26309637,PMID:28183162	HBV-GLUE		rtN236 A/T; genotypes:B
P	NC_003977	581	S	A	lamivudine	resistant	PMID:27492206	HBV-GLUE		rtS246 A
P	NC_003977	591	C	G	lamivudine	resistant	PMID:27492206,PMID:29093313,PMID:29713126	HBV-GLUE		rtC256 G; genotypes:B,C; genotype_polymorphism: genome_ref=C, genotype_refs=S/C; ref_aa_corrected: source=S, genome_ref=C
P	NC_003977	415	L	I	telbivudine	resistant	PMID:23458519	HBV-GLUE		rtL80 I/V; genotypes:B
P	NC_003977	415	L	V	telbivudine	resistant	PMID:23458519	HBV-GLUE		rtL80 I/V; genotypes:B
P	NC_003977	504	I	T	telbivudine	resistant	PMID:19737565	HBV-GLUE		rtI169 T
P	NC_003977	508	V	L	telbivudine	resistant	PMID:19737565	HBV-GLUE		rtV173 L
P	NC_003977	515	L	I	telbivudine	resistant	PMID:19737565,PMID:20034521,PMID:21920388,PMID:26136470,PMID:26309637,PMID:28183162,PMID:31600164	HBV-GLUE		rtL180 I/M; genotypes:A,C,D
P	NC_003977	515	L	M	telbivudine	resistant	PMID:19737565,PMID:20034521,PMID:21920388,PMID:26136470,PMID:26309637,PMID:28183162,PMID:31600164	HBV-GLUE		rtL180 I/M; genotypes:A,C,D
P	NC_003977	516	A	T	telbivudine	resistant	PMID:20034521,PMID:20674805,PMID:21920388,PMID:28183162,PMID:29713126	HBV-GLUE		rtA181 T/V; genotypes:A,B,C,D
P	NC_003977	516	A	V	telbivudine	resistant	PMID:20034521,PMID:20674805,PMID:21920388,PMID:28183162,PMID:29713126	HBV-GLUE		rtA181 T/V; genotypes:A,B,C,D
P	NC_003977	519	T	A	telbivudine	resistant	PMID:19737565,PMID:26309637	HBV-GLUE		rtT184 A/G
P	NC_003977	519	T	G	telbivudine	resistant	PMID:19737565,PMID:26309637	HBV-GLUE		rtT184 A/G
P	NC_003977	537	S	G	telbivudine	resistant	PMID:19737565	HBV-GLUE		rtS202 G/I
P	NC_003977	537	S	I	telbivudine	resistant	PMID:19737565	HBV-GLUE		rtS202 G/I
P	NC_003977	539	M	I	telbivudine	resistant	PMID:19737565,PMID:23458519,PMID:24630522,PMID:26136470,PMID:26309637,PMID:27694733,PMID:28183162,PMID:29713126,PMID:31600164	HBV-GLUE		rtM204 I/S/V; genotypes:A,B,C,D
P	NC_003977	539	M	S	telbivudine	resistant	PMID:19737565,PMID:23458519,PMID:24630522,PMID:26136470,PMID:26309637,PMID:27694733,PMID:28183162,PMID:29713126,PMID:31600164	HBV-GLUE		rtM204 I/S/V; genotypes:A,B,C,D
P	NC_003977	539	M	V	telbivudine	resistant	PMID:19737565,PMID:23458519,PMID:24630522,PMID:26136470,PMID:26309637,PMID:27694733,PMID:28183162,PMID:29713126,PMID:31600164	HBV-GLUE		rtM204 I/S/V; genotypes:A,B,C,D
P	NC_003977	542	V	M	telbivudine	resistant	PMID:26309637	HBV-GLUE		rtV207 M
P	NC_003977	548	S	T	telbivudine	resistant	PMID:26309637	HBV-GLUE		rtS213 T
P	NC_003977	549	V	A	telbivudine	resistant	PMID:26309637	HBV-GLUE		rtV214 A; genotypes:C,D
P	NC_003977	571	N	A	telbivudine	resistant	PMID:26309637	HBV-GLUE		rtN236 A; genotypes:B
P	NC_003977	573	N	T	telbivudine	resistant	PMID:26309637	HBV-GLUE		rtN238 T; ref_aa_corrected: source=H, genome_ref=N
P	NC_003977	585	M	V	telbivudine	resistant	PMID:19737565	HBV-GLUE		rtM250 V
P	NC_003977	415	L	I	tenofovir	resistant	PMID:23458519	HBV-GLUE		rtL80 I/V; genotypes:B
P	NC_003977	415	L	V	tenofovir	resistant	PMID:23458519	HBV-GLUE		rtL80 I/V; genotypes:B
P	NC_003977	441	S	C	tenofovir	resistant	PMID:29740207	HBV-GLUE		rtS106 C
P	NC_003977	461	H	Y	tenofovir	resistant	PMID:29740207	HBV-GLUE		rtH126 Y
P	NC_003977	469	D	E	tenofovir	resistant	PMID:29740207	HBV-GLUE		rtD134 E
P	NC_003977	515	L	I	tenofovir	resistant	PMID:19737565,PMID:20034521,PMID:21920388,PMID:26136470,PMID:26309637,PMID:28183162	HBV-GLUE		rtL180 I/M; genotypes:A,D
P	NC_003977	515	L	M	tenofovir	resistant	PMID:19737565,PMID:20034521,PMID:21920388,PMID:26136470,PMID:26309637,PMID:28183162	HBV-GLUE		rtL180 I/M; genotypes:A,D
P	NC_003977	516	A	V	tenofovir	resistant	PMID:20034521,PMID:20674805,PMID:21920388,PMID:29713126	HBV-GLUE		rtA181 V; genotypes:C,D
P	NC_003977	519	T	A	tenofovir	resistant	PMID:26309637	HBV-GLUE		rtT184 A
P	NC_003977	529	A	T	tenofovir	resistant	PMID:29093313,PMID:29713126	HBV-GLUE		rtA194 T; genotypes:B,C,D
P	NC_003977	539	M	I	tenofovir	resistant	PMID:19737565,PMID:23458519,PMID:24630522,PMID:26136470,PMID:28183162,PMID:29713126	HBV-GLUE		rtM204 I/S/V; genotypes:A,B,C,D
P	NC_003977	539	M	S	tenofovir	resistant	PMID:19737565,PMID:23458519,PMID:24630522,PMID:26136470,PMID:28183162,PMID:29713126	HBV-GLUE		rtM204 I/S/V; genotypes:A,B,C,D
P	NC_003977	539	M	V	tenofovir	resistant	PMID:19737565,PMID:23458519,PMID:24630522,PMID:26136470,PMID:28183162,PMID:29713126	HBV-GLUE		rtM204 I/S/V; genotypes:A,B,C,D
P	NC_003977	542	V	M	tenofovir	resistant	PMID:26309637	HBV-GLUE		rtV207 M
P	NC_003977	548	S	T	tenofovir	resistant	PMID:26309637	HBV-GLUE		rtS213 T
P	NC_003977	549	V	A	tenofovir	resistant	PMID:21915864,PMID:26309637	HBV-GLUE		rtV214 A; genotypes:C,D
P	NC_003977	571	N	A	tenofovir	resistant	PMID:26309637,PMID:29713126	HBV-GLUE		rtN236 A/T; genotypes:B,C
P	NC_003977	571	N	T	tenofovir	resistant	PMID:26309637,PMID:29713126	HBV-GLUE		rtN236 A/T; genotypes:B,C
P	NC_003977	573	N	T	tenofovir	resistant	PMID:26309637	HBV-GLUE		rtN238 T; ref_aa_corrected: source=H, genome_ref=N
